00000004
0000138C
00002714
01800000
FFFB3F66
0334BCB6
0077E80C
014451BB
04838B20
02BC0ED2
00943A90
01CF0E17
FD0DA97A
FFEBA144
FBCBADFF
03DC6EEF
FC83585B
00A400F6
FCF94393
020A8505
FFC3E8A9
04777C24
02595C42
00EB5D3C
030B76FE
00CC452C
002B50E2
01A9533F
0294B58A
FC907E52
0421BBBB
FF6926B3
0145971C
FE7A919C
04AA5A0C
02031BCC
FBEFF7BF
FE57FE8A
00D9F91B
FC6D30FC
FC275942
FB34B0F7
FF1042FC
0477C849
FCB0868C
FB138863
02007409
FD418067
033BA3D3
03D4FF18
0228DA09
FE46B708
FDAD50D8
FF7228C1
00B29476
04084791
035A1D13
FF21648E
FD4AF687
FBEB3351
01793B15
02DFEACE
04529D7B
0319907C
03809F73
FF54EC22
026ED87F
FEBDA652
FC5FFE41
007CFEDC
02837D9F
FBAE0186
01A22E7F
01D4FADD
0202D992
FF873487
007F6034
011405A3
01072850
FCDEF951
0295DA50
FF3FE8F7
FC5D82B7
FECF14D9
FD895F3C
03B65A3A
03BBC161
03939B71
045149F8
01274ECF
04EE44D2
FB45C570
FE7CC175
FF5D8DF9
FB437CA5
FBD90BA0
02F1AFE1
FC0CADAA
03BE8C15
FC569F9B
03B37F48
FC962AA8
04888C07
FBABC468
04290910
FD7BD403
FB873C97
FEF5D09C
00842B68
03EE566B
FF8956AC
FC879F0E
FEBA87B9
FD406C44
020B3115
FC674282
00461AA7
04FEB389
FBCF7156
0310451F
0305A8F7
FBB79B4B
FC6F9C72
00B95FC4
FD55C83E
FFBEFDF3
FEEF3496
00065BE8
FC9DFF1C
00BDC9F4
00DBE26D
FDCEB224
FD9BFC1F
FE1AFC72
FC6B900A
005EAB7A
FCFA99F7
FBDD00E6
FECF870C
026FB4F3
FDFCE8DD
FF6C8B04
FF08582C
FDEBF3EE
042B34D2
0323058F
00C26597
FB55F590
009048CA
03F94A78
01C25591
019E7732
017C6373
031296D6
FD8F09DE
01B3C5AA
009BA842
00EE6821
FDCBC3AE
FBD418F8
FC77B232
0017F552
FE44FC76
FDB45D03
FFB0AA2C
FFA82CCD
FBC31D30
FEF2760A
FE4F8EEC
FDEBD48C
FD81E36E
FCB3B363
045D1F24
FB3FF491
FCE52950
043333E3
FBC9E184
0454ACC8
0130569D
FD2EE985
FB720642
008A1407
FB7D4D64
0263643A
01E92635
FE7870B6
FB356819
FB1E89B2
FDE4B9BE
FC538A42
FB1EF2AA
FF73BCB2
FB1754E0
FB0D0C79
02D916C2
FF46359D
0186A56E
013B911F
FCE5F2FA
FC5E7637
FBD2A797
029C6413
0387103C
FCEDF6B0
03BF24BF
FB43585D
0451E6C9
FCC73679
FCF5D4B0
FD1DB883
FF673EA8
02D62CF7
FB4124BC
FB46C869
01D6414F
FEF295C5
FBA06146
FCF47BF0
FEEAE751
035DFC25
00467F07
FEC58E89
03F69AE2
FF669672
FDEA09E7
FD7F05A4
FCCBE656
FCA68BEF
FBA7E9E2
0218F3E7
FD2F4261
011C7F4C
FC15D364
0157D477
FC6B4A65
002E4D59
0329E7F3
FEA73A46
FBFD28CD
FC06FB18
FD901E90
007D95D8
FFFD78BC
FD8B5B4A
FF4F0609
03752649
FF5691D5
FBC0FDF8
00991AE0
FF92AF07
FB7EEE24
01817A0B
035BFCBE
FF368E3D
FD14D8AD
FE77AB0E
006C3994
017DDE6E
00B96F7A
003F9666
FB792FB1
0006CD48
002E1E88
02A37ABA
01ED42FD
FD0727B7
03131208
FD604D31
034244CD
FE5D1907
FE96A9D5
04BDD197
FF1FFE86
FDD40B43
FCF9CD9F
FBD6220F
0341791F
FDF9B6F9
FBF648D8
FE5A3C0E
FC442A78
FEC7204A
01A1331A
FC2C20A4
FE0D175F
FCCB3351
036AC097
015283A3
02FA13C9
FECBE384
04659B89
FC875FED
017B5ED9
FD845A69
02E5D9F2
02B230F9
01315566
016B9BEB
FE769A14
FD2EFDF7
021892CC
FD0BAA4F
023859C8
FFDD8DEC
FC339972
FBC57C7B
FDD3121D
0042CFCA
FB231139
0200AB01
00D3880B
FF128A3E
00009523
FD6B4258
FC768BD6
FD6FA40E
FF119AA2
00700725
01845F78
02007259
005A785F
02114828
FF28E00D
01C996E7
FCE90D87
FE13FEA8
03121DB7
04A6D3F1
FD007839
FDB86D14
FDFE6313
0467C45A
03BD4BB7
01CCA446
FE17B0D5
FF00616B
02CE5661
03A6862B
FC776628
01687C19
02E63624
03FDDB44
FC2FBF46
FDCA6D1A
01514CC2
FF55EF82
0343AD9E
FFA6F9C7
FBD80CEB
03A33DF6
01E98103
00112022
FEA57397
03EB78E5
02D42372
0267E9E3
FBCA47AB
FCCFB583
0369E61D
FE0FB2C6
FF4423B2
00E948B2
FB69FA02
FDAAA2E9
038847B3
026CC0E5
FD5E9C03
FE622A74
FF96D034
FF979849
FE7862A7
010FC222
010EBEBE
0472C6E8
0270D6DB
016B9671
FDDD5D54
FC1AFB24
FB22B5DD
015E0AAB
00F02614
FE82EDA4
FC67A776
03653969
03EA3ADA
FC1B6175
02941D29
FDB11B3F
FB593E7F
FD13E919
FCC6C921
FB3C0052
01895FFC
FD975AD6
046B97B1
FF3A6421
FC870123
FBA81CF3
01CE7A6E
04F115A9
FD71F4F7
FFAAC0B0
01EEDBDB
01C0743C
034333B4
03EB7DEA
FBB76409
FCC06836
026BEF8B
0089FBD9
0245DD94
01946712
0179220D
FBD54C7C
041C006D
FE789273
018E5551
FE90D86F
FBBF479D
FD68A833
FC7721C4
035FEB01
FE10DA56
013151E1
02BB19D8
0129228D
0312AC47
FF0D2E1E
FCE01AFF
036D8EFB
FF8BD74F
FD9CEBB6
0246B39E
046FA419
FBC8E8B9
FEDB0635
FD6A7BF0
FFE72FBA
FB0E12DF
FB2B5FE6
FFE109FC
02ED3DB3
037954C0
FB004A04
00C5390A
FE46D3A3
0256D3E4
028F843F
02A4DBA4
013A93FB
035938A9
0490A087
03D7FC7C
FF905967
FBFF31B4
019AE9CA
037812EA
FDE14C54
01E43159
029BB8BB
FF512270
012B348C
FB3AA8E4
02648497
FF18CE38
033A16BD
FDBA28CA
04BC636C
01CABE7E
01CAA949
FB0156C0
FE080784
FDDEECFD
03D8673D
043D7D96
FF4D0253
FB4ECC02
047040EC
027CDC2E
FCFA5CD7
FC08F9F5
018A0E74
00591991
02A2D53A
0208AC4B
042E625F
FC581AF3
FF23B3F9
FBBBA177
00FB94E1
010079C9
038491F5
FC1F66D4
FCB2B645
01063124
04048BFA
03A0F9BC
0256514E
FBA9FCA3
03D4FEDF
009FAA6E
04D29A12
00E9E378
033E4B8B
FBCE7C6C
041206D2
02CD1E6D
015FEB29
FF222A25
FBEC385C
02A6213D
FBCEDDBC
035D2B47
FB6E87A5
FBE2426B
031C8809
FC8CAFC6
02CA7EAC
042DABDE
025538DF
029D879A
0331D23B
FF758E4A
01CCC5C7
FBED3C3C
028D44D2
02AA72F2
04F73DC2
FE7F0888
02394BBA
0273B73F
FF36DF8D
01D91270
FD41D89F
02BFCCFA
02DB4C32
FB98867F
FC852F65
FE7A8F52
00FCA5A8
00A31FF7
003B774A
023791CC
03B131F8
0117D39A
014F364D
FB824C70
FD83E807
02401D94
FF38D12A
FFD41830
02BEC227
03F16B0B
04C081EE
012A3CBB
FB26B3A0
00CFDCC9
0051A4CE
FBAC0B31
042216E9
FEEA627F
FE6863C8
01A6FFA1
FB4D6D50
01726886
008354CB
01D2EA5F
FDA0CCBD
FE0F3C1F
FF7E3F77
FEADC8D4
0101FE7D
FDBF4D63
017E9D64
FC609599
FF806F96
02C08D68
03C84CD4
FFF669BD
FD6F4AAA
0361A20A
FE84ECEA
FE301937
047A11E1
023B491F
047DECCE
024B58DD
FFFFD523
00774AC5
0368B44A
04643F98
00BDEDDA
01C053EE
04B8C4EC
FE553502
FEA82130
FDC6E604
02FE960D
FC4499D9
FEC8722C
FE61B6CF
02F341DC
FFC8D0ED
017A6672
021E874D
004A1AE8
00665DD7
FDD768C5
FFC8050A
FF4529A9
FF65DB05
03DEF827
FFA04E9E
039E624F
00A48C99
009BC046
FE3D9F62
FBE7FEAC
03D96D2C
005CC7F8
00EC9A5D
FB50B39D
FCBD6265
01B68B08
FF60F0DC
FFED201F
FCDB149F
037BAC50
FF49D5EA
FC8843DC
FE222EF3
FFF4F6A3
015C8D16
FC741909
FF02FB2A
00A25A53
FEB81976
0216749B
FD8C54D7
FE0B7D50
FF70295C
FF2D0AD7
00FBC8B6
0078DAEC
01FD583D
0366FA21
FC7F3A72
0490D4B5
FD806F54
FB71BE6C
02C18144
01E2F9FD
FB2C7078
FF798A74
FF46FB90
036FDFDE
00E61935
000383D9
0013DA98
01AF7176
0100A660
FD6AC0FD
FC2BC153
00384702
FC967665
04071D27
FCCA7D31
FB04113F
00DE2932
FFA8DE71
01901E05
FD295D7D
FCB6F4E9
03573363
FD337FB5
FCE8FAC2
FB873391
FE33632D
03712D3C
FC4151E9
FF9C3D89
FB0407DD
FE7BEF98
FF37C456
FC0EB038
0051574C
FD8BA797
02725673
03C08161
04FD5C1F
FCBF983E
FBF478C3
FF84E62F
FE0864BB
02095213
FDD15117
04F620C9
FF6DB458
0143B96C
027D6CE5
FFDD5AA5
FB8FED4B
FD7EFD4A
04CC2376
FF3ED4ED
008A98DF
FC8BFC7D
FC84D74D
042EB4A7
FD9C45DE
FB7985FA
0033C14A
03CFAE00
FBE360AA
017C0546
0389D705
0274B801
039ACC96
00AECBB2
FEE5E30B
FF3B7BCB
FC996FFF
FDB79FD6
04A34AD2
FE50565D
FCEE171E
0141241D
FDA78F47
FD95E6D6
024D7958
01A21074
045E89C7
FB5E560D
FF650FB3
04A8A220
FCDD430A
FED7E7A9
02E9AC20
FFE70DAD
FEB52D5D
0354D31C
03420ACA
02E4396C
014F795F
FE8D558A
FFD1C7C8
006A0190
FF75B900
01C48838
FD5C4EC9
01B061F5
FDDEBB88
02CBB783
03AA1A1B
FBC602AB
01353552
FE843D55
01984D92
02297745
FC4F455F
014336A6
FB65C486
FF6936F1
008C4068
02294FB7
FC04B293
01C87BD8
FB0997BA
FE035160
03910DD0
FDB31C8C
016E9257
FCFDD9CB
02337BC5
02977BAB
010E22FE
FF8942B6
FB4CA2C9
FDC97038
FE455D4F
027C7F75
037715DB
03883DC9
FCBE45A9
FB212178
FC8AC8AE
04C9404D
017D9727
FC320533
FF39A6B9
04B9B685
02631010
FCA917FD
FC1173D9
FE9ECD07
03AFF636
FC2E08BC
02A9616A
024F32B8
FC8BC3DA
02BFBFB7
FF8318BD
FCC1903B
FDD8F3EC
FE72B347
04DA8127
FC4EA2DF
FF6F1C69
0086BFB7
FB7D20DA
FD8984F4
FC8F8F4A
FC2B72CC
02F00884
FD1E16D8
01ACEC43
028DF3EF
003F0933
FE36D40C
02C878A1
043F9443
046E2D8E
FF3C33C7
026FD015
FB7E9B04
00B66E06
024770A7
01D604E4
FD18F097
0466241B
FFBEC896
FDCF8722
01886A9A
031B3EDE
025044D8
04EA0440
02840B74
01E3DFF8
0007D4D9
04E55802
009AE6A4
02A4D0F2
02F06729
0158ADF9
FBE60CC7
04F25C03
FB2590F8
014CEF92
02AB7439
FDC3AA9F
00AC27C9
FF2D1B4D
FBF521CD
0142CD3E
03237368
FE443E48
FE37EC7E
01BCB78F
FD354A99
04BA0D5F
FFFF4A27
01EEAA9B
03E02A57
04A25D8A
02A7CF84
035AE5CC
FB33486F
0073E148
040BD65B
026CB4FF
FBCE9EDE
FE3CFE92
FC30F498
FDB0B071
FE104147
FDC3BFB7
FC1FEB9E
001650F7
0392625A
036449CF
04723BF4
FFACA1B2
FE77F61B
03ABEA6E
029A3EC1
FB4BD984
0254D7B1
FFB4D346
FE17321E
FBC21254
004E4E32
013CB15C
035FA708
006AFB8E
03744312
FE7623C5
FCF31CAA
041C2FF0
FC40C5B5
01ACCABF
013BAAED
FC1147B2
04C64309
FFC880E3
018B8893
FE1A3EBF
FD946B81
FFAA2C7C
FB7FE78F
01868503
FEBDDEFC
004F00DE
031FA696
0173FEEA
01079055
FF26E5DF
FE1FE9AD
02BE7C06
FF28D0BE
00BC9F94
00104A24
FFA7793E
FEBC177C
FCECEA53
FD4D9B23
0434F595
04621560
FEC5DBC4
0258691B
FCE269A4
03D71956
FBC02B27
FBC69A5F
FD01546A
0324C89D
04EB9676
04771CA4
012CDE9F
FF8B7CCB
FE903CF3
FF373EA9
FD6FEEF4
033B4D45
FD2402DE
0092F032
03FFD64B
0386D52A
016BA3C2
FBA013A0
01A3BE77
FF77C29E
04ECF0B2
FE07F58D
03C4CE83
04882463
03026071
014DAF36
009DD948
FD4AAB5F
FEEA55C5
03828016
FF955C5C
FEF17A94
02488779
02D3051B
FF1422D3
02D444C0
FE86DF39
01952BC6
FB81297B
FE442BDE
047B2061
00BC2A22
0056527F
FFE2F847
FB3F47FE
FCC686D2
029C1C0E
02ED2411
00E23E1E
04441708
0282E4E4
02BA8493
0311D8A6
FEE20796
FD1B88ED
FE59CA76
FD85ACC0
0030041B
00DB62C6
FC7BE11D
01DBAB26
01F3FA4C
0208E1E0
012FEA5B
FF6B057F
004EC891
04CB56F5
03D8D654
01C71226
03DCF643
0318BF8F
00A658E0
FF640806
01231206
FB7E1AD0
015A2106
FDF8C9D3
005B0703
02D79FB4
00B7B577
01C64388
0002EA89
02F7E580
01481C59
004090E9
0453CC01
00FDEAA4
FEE17DB1
FFEE3AC1
FF707E8A
00FC596B
FDD48851
FE26F9BD
FE4C6824
FE49E3BB
FEABE7D4
0207CF42
FF6FE7BE
03DA5E75
FC2E4F85
FE19883B
02AA3F7D
00768A8B
01E9D09C
FD9281A0
FFF751DA
FDA321F7
FD2A857C
FD93CD0F
FE21DB0D
039FE14B
04E2D348
04142B34
FBCC135A
0077C416
FDD1B96B
028329EA
03D68F29
03AC642C
FD76C09D
03940C58
03B174A1
007B1D8A
0272BC6D
02F7A96E
FBE66926
FE0B6906
00A2C596
002A8365
0184C973
0490EE0B
FC4AAA0E
FDE2C24E
FEF34EB5
03BD181C
006B41EE
0327CB66
FB39BBD0
FD0DAD02
00102F33
FB92E97B
FF0BB625
02A0A7A5
FC01CC97
025CDC0E
02435902
041A7174
FF6F4C62
0365A52D
01150858
FF446BEB
FBF7C322
00FE2509
01E55E19
04E25DE9
01C44787
02B799D7
0304A5B5
FFE4B6A2
FDE84737
037D7AB7
017A24EB
FC47B55B
0269178F
FB96941D
03FBB94C
019A4F75
022990EE
04287F9D
04971ED2
FB45481D
037A5A81
FCFEAF40
0468DB66
026A692C
FC420215
04BC2B1C
0316552C
FBAA0A14
FD6D760D
027E17B1
00591954
FCC3CB51
0195B252
FBE38AD1
00AD3663
FC057414
01EF7CC6
FB2A08C0
FEFCBE69
FF5CBD47
FC23A153
FEC2AE24
FBB4B0B7
FDB6ACD2
FD704A74
FF860B45
046ABA40
FE967C8D
FFF27A32
03B7AFEC
04EC2196
FC5C04CD
FD96CC6F
FD5E9C1F
0316E878
00760330
025A7A27
FE8A9157
FE6AA0BB
01567141
FDAD89A1
FD857A1A
0001E61E
FB6C063A
04C3C615
02B15B57
00A41762
FB6ED527
FD051CA7
0054E653
02AA30D4
FD17127A
0360547A
010EABE4
013FF3BD
003D7763
0111D5D4
FF2AB6B4
FFDF099C
035922E6
FEFD80A2
03F9BC90
FDEAEDFC
FD18884E
01394BB7
0137DEF0
03D96BFD
FBF2B141
FF0625B6
FE4E31CB
FDDE5C47
FE67CADC
FB09BC13
0458DD75
00745EA7
04F5DD31
047AC65B
FD0ADCE3
01B724AE
0328CE28
FFF6AB0D
FE7C3E05
FB4D6565
02EB7821
FCFB0806
FDA3CCE9
038053B5
01206DA9
030BBF96
FDAEF905
0456E73B
01092489
FCD3A78A
03E29007
028E0BA7
0227AECC
04BC07B8
FE8D155A
01FA5947
FBFA0906
013D3CF2
FDDC755E
0296FEA9
011B1E0E
FE928F62
FB152258
0298A9A5
FF2B1459
FCAB92E5
FD73607B
01846ADA
020E03AF
00F57E8E
0065D0EF
FE1956B5
00EE6722
03D2FB0B
FD4AD8E8
04C8580B
FD7A9B34
FDEC6244
0252EF1A
FDB123CE
04AA023B
03C1A1CE
0042F970
FF4E92FE
FDE668A6
FF2EFA7E
FD676162
FBE84622
FF32AC76
FBF56EDB
FF7B22E5
000EEBCD
FDB2ACD2
FDB6BF0F
FF4CA0CF
03EE409B
FFB05C44
01FC3DB3
FDD2ED47
FDD7EE64
0311FD16
01980054
02F74B41
FE25EAD8
0484E26E
03B100A2
FD6583E5
FDE36973
048B1688
FC3CF540
02FB545B
FB579E37
00800138
FE99330F
FF294B16
FFD5E938
FDCA9A46
030883AF
FC696C8A
009F0995
FF084F1F
FC058458
0180FF93
FC1A91D6
028735A6
037E997F
FB0CE52C
02C74B6D
00D2AB74
FF848E72
00C99BFB
FF9B2EA1
FE29FF69
FCC1FE5F
FD3E469A
04487938
FC10EC6E
FFDBF78D
FB597910
03895542
04018F27
03AF3832
025D4061
024CCB6D
FBF9948E
FFD94933
FF065DFC
035BBCF2
FC324199
FB918148
0416AF34
049074CA
01A8B1B2
01DB6DC6
FEB60EDF
FED81F03
00D81171
FF3D3859
04162017
02A13E85
FD866B3A
01CB716C
02F8FC10
031FB062
046D9830
FDF90F90
040C3BFD
FF8EAC46
FB457094
FB99A225
FC0DF936
0252552D
042D8DE2
FB677A85
FE43782D
FEBEFBC8
017FAF09
0266F766
01BCF06A
FB110CA3
FB6724CC
020B3AF5
03BDBAD8
FBD61F07
03A55067
03878FA7
04876643
016C2B29
FB5CDD26
FD4EDA16
FE906BD2
04419336
FD2515D9
FC8E7B52
FBAA1760
FFF143B8
FC8146E8
FB3523C4
01FF41D0
02CB3D79
FDD32C7F
FBB07104
002CAD2D
03D052AF
FE0168FD
FF23F4E4
FCABECAD
FC4403AF
FDF5582F
FFD8005B
01E0B305
FB2DA4C8
FF896362
FC6BE450
FFB1EF83
FF5966EE
FDA62731
FC8CEADF
FC36A5EC
02FB16C4
FE0BAACA
0447F01E
000360AA
00FFFEE0
FCE41B82
0060B83B
04D914B5
02FDB209
FB124E82
FBBC1D6A
01F695C5
FE9131B7
00EAA773
020C1FB3
04F7A75C
FD6B25F5
039A8EDE
046831A9
03C73D78
FEEC303C
FE7AEA4A
01613D3A
FC81B03A
0491EC7D
FB4812E3
00F9E945
01E7BDB1
04C16F8B
FC5AAB5D
FB72BB31
FED0FB6C
FB61667B
FBFAFF2F
023A38D7
00D20107
FD602D4A
FB0FBB61
019DD113
FDD239E8
FF1DB0C9
FF5FA827
FEFDE645
0459EAAE
FBBEA121
FF09662C
FF1B5E8F
FD612E6F
015C748B
0470B402
FE5FEC05
0331B912
FDC53E86
04F36207
FFD3627D
FEF9D4AF
FB8C690C
FB01CF3A
01C33267
FC30F1CA
FEE62B53
FD768665
FECC44CA
FD91B68C
FD9B8EB3
00927D9D
02511A3A
046792A2
FE68484D
03AF60D3
045710E6
04710F65
03FEDD28
0258A374
01CC6F4E
FC032799
FF6725C8
0349E910
FE165045
009EE360
FEBBA3A3
00A203D6
049D6417
FECE9CCA
02E15AE5
FBA6353A
FC00B9E3
FF3990E6
012FC2D1
FC0481AE
FBF447A6
FCC42E42
FFCA28D6
FB8999E0
00584AB9
FE831DB3
045DF59E
03D3F5F3
FFF3620A
FFE3DBC4
04CAC5D5
007D6A1C
02E40551
FBE89DAD
FE10F3F7
0198E435
04A40790
FFDE903C
FBD5C239
FE60AA62
FCA8775B
FF3BFE33
FCBDD855
FBA0FB65
0163592E
FBB92EA0
FE92182D
029EC462
FFAD28F4
02F01243
FD253AEE
FC4349B0
FB9FD272
FDE95B10
00849238
FD0922EC
FED5A501
FD8F838A
FB402BD4
FBE954D7
FEF04926
FE84433D
FFE84E27
FBDC5432
025144C8
00E25C09
0235065E
00169DE2
00F5DBB9
FFC80543
03F850AA
01DBDC1C
FBBF1D59
FD245349
FC090BA8
028F04A1
FDC2F041
00DAA446
FD864164
FEB421FC
049D0CF3
FC486819
FD7933FF
FDE1E2E7
FFA69814
03BA9292
FB8059DA
02AAF9C6
FFE83C59
04C6E563
01343003
02A8488A
FE942394
FB7D51CC
FE2138F0
01146BF4
FE8570A3
FC8A7B09
03FB64C5
0041111D
FEBEA7C0
FBCE66F5
FC063E71
FBACF792
FC5210E6
FBAE5C81
001C4C44
FB7AF40E
FDAA8174
FB5C9C8D
0350B50A
FF63C26B
FC350AF2
01D83400
FEE38D63
FBF643B2
01F8BD20
00193463
FE66DED2
04DB9549
040AB781
FDE623A4
01D3B4B9
02BB000E
00190959
FF83C76E
04C9014B
FFCA5F26
FBB82165
FC93FF1B
FB4FBC46
0193C1DC
FB277697
044FF500
FF00D5BC
FC56403F
00500C30
0195B986
FDA3C55B
04E62EC7
FB140FBF
FEB6C3F0
00645C96
FD80DF19
01AF8968
03AB2375
FC50D5AA
FD031847
FFDF77BF
FD93F619
FB49B164
011E998D
0138B7CE
FD4F10E2
FEAAA70E
029C4BEC
FC6C1B89
03D0CFA2
FF7F4FDB
024D802F
FEA8F437
02B29F5C
03FC1D4A
02D324EF
025F58B7
030DA048
FC8998B3
0307A2BC
FBD27578
FD118F61
04B57CC4
03DC16AD
019A636D
FF7845D9
FE7AAFE5
FF7F37EF
FDCAA28D
FF950D4F
FB3B52BD
01382685
FDFCA64E
FC4E3C07
00C6C347
0328D7C3
00953505
FFBC683E
FEE54901
030C8585
04A3A474
02E6F80F
01E094D1
FED0F20D
FC882566
02919150
FD5AD247
00041117
03D2CC83
FE7865AE
0408E1BC
04712CF6
FB55D479
03B6676E
0009A7EB
FD569A11
03F7FAFE
0349B40A
FF02BA73
FB56923C
FB084412
039AB9A6
FDA83355
FB4D567B
0175E4FE
0464630A
03F643C3
FCD6D918
013EF84B
FC4DF878
FE73B02E
FBCA7602
0106215B
FD18D1C0
FD4459E1
FEB46E80
FECB910C
04AB3E5C
0330D303
04EADF42
FFAAE841
FCBB61C1
038872C6
FE2A1E84
FFF47273
009D8619
FB101B6A
FF05609C
FEFD3BF0
FCC72E54
010A6588
FF6ED2D9
028BFE3C
FC30EA73
0475E9A3
FE1E58EF
FF722A6E
FBA115AF
03C9AACA
02ED45A0
FC8385FC
FD5094AD
FEB1B3F7
FBEE82D4
00256FD9
0450C415
00E6B53D
0280807A
003A9B8C
FDD5707D
FDDD4714
03946E33
FD5E3455
FCB1C7F9
FFD21FCA
04628175
01D1BAC2
FDDF9259
FFA4D838
FBFB973D
FE72B778
04E93135
FF28903E
02B207CD
0377510B
FF29AAE5
FB7DD4CB
01D43F50
FEC41994
0266AB86
FCE07E60
00F77CFE
FB8629CF
FDD70962
FEFFF481
02B2C0FC
036C5D2F
FFDF8B49
04453282
00959966
0199A17E
FB6D66A3
FFEBEC1A
FD7065CA
FDBBB50B
FBFD67A3
02FD3601
FF84F271
FFF0638D
FEF37899
FF4F7E23
04B83874
0345EE8B
FC650F8E
00A9FBE6
FEB5B002
FD3E596A
03D08616
FEBE291A
FE23F507
FC5C9C85
FDC6F6F8
000E36C6
02BB0A99
00D2F19C
006B6595
FDFB60A5
FE60C42B
FF1222D4
044D7650
FCEF4F85
04EDC978
FF3FBBCE
02F40FC3
03CE117A
0487F891
FE047AD0
004FCFD8
047058EC
FC89A83A
028B9D3B
01BA73AA
FD661378
FBAE4D37
041E79B2
039EC9FC
014338F8
FF6B0F97
02FD99A3
03870CED
FCE2B1B3
0114E5E1
00B2E29F
02F634E4
01EF7DF0
049B8498
01A6437B
FC676EA3
03422494
03643193
FF2A41D4
04BDA7AE
FF592725
FF952530
FC7D4E6B
FF88A5BC
FECCCB1F
044822AC
00D7EC29
FE68B53F
FD72B4F1
FD6A3849
01FF089F
038AD66D
043A8B36
FB3E7965
031602FC
FE1ED8F9
FDBED8BB
FFD46E15
04A49CD3
03BBF31E
FE66EB71
0260942C
012EEAA1
02A300FC
03C7AB17
FD598CF6
FBE5B81E
FEDC9F0C
FC122CCA
FEA8B0B9
FCDE5E80
04D476A2
0376B325
FFC95583
00B8CF8A
01C7D838
0210928F
FB448B0C
013D7233
01C5C613
034A947D
FC79BE2F
FBB5EE6F
04516947
FC5FD735
FC399B98
FF13C3ED
FB36B0B8
04BB4331
03BFB363
006189E5
FB5D1E7C
FE1D0342
03D78F4C
FD8A0E55
FD49C012
043DC340
03B62599
FF3D6FAD
FBEF7162
03FB8D81
04EFC88D
04FC82B4
0133C719
00B30518
FD5ADEE4
FED1418C
02E40522
00EE2559
04FBA020
FBD2E09A
0433538B
01835EA2
02F4020C
04323EF4
FD0C063F
FBB9DEB5
FE551386
04ACD719
0283C221
03DEE72F
FF543C4C
01AC7ED8
FBA535FC
FB431131
FE4216AB
026B0C65
FD88D847
03C503E1
01394ED2
FC0773A9
FFC9F9DE
FE6A9FF9
FDED30EB
FFA9F5F8
000B686D
036AC010
017EDE40
0241F68A
00F5BFFB
FE53D536
FF5F618D
032FBA73
FCD6B464
00C46A43
FB93BFA1
FC9A9F20
FC22A4D1
0456FD42
FB922E8A
03DA3B1D
FF400253
FB09900C
01CB9D13
FCF01E5C
FF5D4806
04C35CF7
0465527E
FD55850F
FCEA9783
010DE107
004CBFD8
02A92A2E
FF1E23D2
FCF7F44A
FBEB7822
034D27DB
00C2790F
03AEE011
FF872893
01CC0368
023543ED
0025C895
FB18C405
03526BC2
049F43E1
004B4B58
FB734A4A
FE61ACA9
FBEE011B
02D13D55
FB3BB193
FE87897E
00A291A0
01B492E4
FE019DDA
0219D5E6
FFB9D669
FD523EE0
014549A0
FF098D23
FC55F092
FC5BBAFF
FB87B0D0
04A90240
FD64F83D
02DA9B9C
FBFB6B43
FF111759
00001412
04E0209A
FB05BBE0
FC36CBD8
01F6F853
01816FF0
04636025
FBC6C5E0
FEDE9F2C
00E7633F
02EBAC7A
FED9A2F6
0048C8C0
FBAFAACA
037A6C4D
FED47E20
044C579D
03E532AD
FEF31C13
FDCD0882
FF67E716
FF9045A4
0376ADD7
FB04AAB8
012F6639
048BFDD8
04269A52
0328742E
FDCAD7E0
033BCD86
FFBFC4C5
FB2B6E04
FE4B9828
FF9E1CAA
021F22C6
03772660
FDD6F671
038619D9
FB70069B
FFABAB85
031F13DD
FEC36185
03507596
FF43B70E
04E31E57
04826E74
FB8C155A
0199DE1D
028EFCEF
FFDC1D52
012B9024
04B602D7
02A2865A
FF11932A
02F0DC64
FB468BC7
FC771BF7
03DD102E
FB5E59F9
FBADABB8
02DA80AE
FCC9BC24
04BCE425
FC79DEA5
025D5A53
0171EA0C
FCE54E31
04D5E121
01B258A9
001FFCFF
FE53B69D
00CEAD86
01489266
FBE2E5D9
FC200856
00541F99
02434D05
00014DCD
FC7EA6F2
FCEAEA2A
019C2475
043BC38A
00596145
00C540A9
FD81EA72
FD1C7904
016FE515
FC85AFCF
FCF11C82
00DD27B4
016D3BCD
045639AC
00116F66
012BE122
FDA8FFB2
043E8AC7
FF649D0D
FECCDF4A
02056BDC
FCF71730
FC7E1832
FF1BB8C6
004A0B02
036B97B7
FD3ACDDC
01814950
FEE8A4C1
FFC6E131
FCAB776E
03C2E960
FFBDB831
0322F55B
FF3CF8F0
FB96DA20
01BB3247
00AF5615
00248D9F
0380CEB7
00ACF01F
04A09DF9
01D399AB
FBA8BA62
FFE2A1A6
0332CC68
FD745654
04D9A16A
FC75CFAB
FC17C317
0037E16C
FE7F5CE6
01BEB21A
FB439B25
FFEBD842
FDB2AAB1
FC914EB4
FBE3A677
FF89C7C4
03BEB330
020CE83D
04800A95
03B473B4
FD16FD8B
03563247
00C56F4B
032B44BD
FC598E03
FD5A1E97
FD9A99DA
032C1127
0133E4AC
04DC15D2
0057FAEC
FE387AB8
FF6DEF33
01FF99C7
FB420125
017FB95C
04F732AE
FDD3CBC1
03253390
0177C99A
006BAB3E
0263860F
0214FAF7
041EF6B5
048C9DE7
0004BAAF
FED7ED91
FEF8B380
0220AC18
00FD8853
03B0E448
0347538E
FE593C91
FE23F0DB
02C39DE8
FE0EF4B7
FDC53DC4
0262EEE3
00530CA6
0374774C
0418B0F1
029B597E
FE4A2695
FC1F7F9D
00F8F417
02D1ABB6
FCF6343A
FD7233E1
04E7B9C4
031A14F5
FE7CE305
03497593
FB712817
FB7D0E30
FD413C5C
0065FD6E
FCD09527
03C8C5F9
FE2108DF
FE5AF9E9
03CAE07C
01DC52C0
FE9DF3D7
FF6F3508
0018FDEF
FEFBB7E4
021DBE3C
FBD987FD
FF6899B2
FEF0C972
0037A16D
FD95C41D
01A87B5F
FB0A8A7A
04BD4DF0
FB70CF05
FCE7B323
FEABB9A2
FB799542
FDAFD948
031A6B57
FE180572
03303230
02247C58
00AF5EB2
FC81893F
FE260166
04C4584C
FDBBAE77
02DB72F0
0136C6B3
FE4328E8
FFF99F61
033EFD10
0059F2F6
0031D17B
FF2E50EC
000DB6E2
0246B462
FD9AC32B
FF68EE96
04DB3B83
FE183E49
FEF6A7E9
04D7BF9B
045888D6
FDE07CA1
FF111F5A
00E7C01E
018873FD
040ABE23
FCD33BFB
00D71D4C
02CD4E37
01314566
0264148E
00043DC3
FCBBA003
000D8468
FCAB57B8
FFFF6725
033AFBD4
029C160E
014662A0
FE20130C
026231C9
FF45735D
FC8E8ABB
04801522
00C5E1AF
03EE0670
01DAD5C1
FCE67BF8
03446875
FCC731F6
FE2F4CFB
FDB36A0B
FCDB0A7F
046EB9F1
00754ADF
FD36BD5A
FB869E81
024CCD81
04672BB2
034D8809
FFF7E57D
FCCCC2A5
FB0FB5ED
02E1215E
FCCF9E01
0397D63E
FE247792
0182AAA2
FF51649E
FC6EBEFB
FE15016D
FEFFE5EE
03F15E9F
FF5ABE49
FE97C84F
0079DBC8
FCCF668F
04D1CB3D
04F3E4F8
FDCA8349
03B20126
04CF2BCA
FEF51253
FF0C5F05
FFA63557
038A9F08
FF96CB3F
04EDB020
03DAFF1F
03DB1849
FFDBC456
00A6194F
FFCDD978
04C30EC9
013C5B2E
FD5956FF
FDF88AD3
049D3B2B
FECF34D5
0119A411
FBFA95FC
FF795299
0407604D
FD4A7A7C
FE526D18
FCDF0A8C
00A2AAEB
FD02EB91
0196B4FF
FEDDE4EC
027DB0C9
04CA12F8
010C15D0
023CF485
04E58445
FC1376CB
FF91808C
FF7D6D7D
01E74FE3
FBB1CE2B
FFDBA7DC
FD3A2690
019A3AA1
04EC96EB
FD73D3F2
003ABCA8
03870F52
FE3B100D
FE50E00A
FC090D1B
03411485
03719632
FC903943
FF0B0961
01D5EACC
0027836E
0289612F
FF933B21
FDC5175F
FF0EA53B
033D8656
FC9085DB
00BD757F
0141DE30
FB6967CE
032797F3
FBD48810
0095ED22
FCE10E0E
01DF8D2B
FB9E377F
FC7F0664
009D4F7F
000B2B6C
FF826C08
00D3C23B
FE3D6FAC
04A8B764
000FB73E
FEB15887
FFA53AF0
033F8FD7
FD480093
030027C3
FD712920
FD964CAB
FE9C7596
00BB2777
FEC19968
FF5565C8
FD5513D4
FB322306
04DC6CF6
FE373653
FFD8CEF8
020C0FF7
01E5C32A
0482990F
0009F57F
00D66CFB
02DE25E7
FE01EBD4
010532C8
FE206D28
00688C03
FE01157B
02F8B3F5
FD19D47E
01EE67F9
FF3D47CF
03B735A2
FB3A4D3D
0471881E
00FBC9AC
002FA6B5
02B92951
03C23F1B
02E87E47
0248869B
00093146
0305D256
FF521D86
FC05658C
FCBA8CAD
FDA43EB4
FF1043ED
FE45E6A4
FFE2B140
FD6AC3AA
FF15F80C
FC1F3C27
FDE320B2
FB96853A
FF8E9744
FC57230E
01111B0B
028DC28E
023760EF
FDEF6B67
FEC18C7B
FE0F6A16
FFE6BA53
0409BF24
FB26609A
FD2ABE03
FE73EB1F
FC044CE7
020B045C
FCA35CBC
047601AF
FF227273
018CD307
FC5C351A
012D628C
03FC41E7
FBC15CC9
FD9CBB7F
01ADFA44
FD735720
FD859B7A
FFF853BA
01F10910
FB292775
0350B626
012CD448
04259F8E
FF6E7B85
030826DE
FD139A8B
FCA86C51
FDAA1137
01A7D99D
01C21F8C
FF9E9AA3
0077A46A
FC9BFCBB
FC00F914
00F7741F
00D20B6A
FD97B097
FC3E027D
00BA5F29
01F03BD3
01816898
00BBCF1E
03CBF19B
FB86ED31
01BD9D78
FC183FBC
043E3E1C
FDC5D932
006FB736
FD02A427
018F8227
FFC5B44A
038C3F91
040CF33E
01021ACC
FEF23661
04AE0655
FDE7E38D
FC28AB7C
FDF53634
0113F9E2
04AB038D
04270026
041B667D
FC29220D
FE2E12B3
0208AEE9
02D8BCC7
FD78BF01
03DCC37C
0428DF2C
04724348
FB46DE5E
00E43724
FCAE97A1
FB595877
00C1ABB2
00A35BA1
FFD8E51E
043C204C
FB7BDEF4
00674BE7
03CD9C16
FD64B394
FFF409EF
03570E4E
01B5D0C4
043D9702
FF4E411E
00D62100
FD829ADF
FCD68AA1
03443278
FBBAD68F
03F57340
039EF850
FF12A426
039A3B7E
03050150
FFA6D37A
FECC633F
0399265F
FE57790C
014DF805
FBB0E12B
00CBF441
027885D6
03BE17E8
FD92F921
FC177B69
FD67FB94
042BEDE5
FBF609CF
FE603C5C
FC5D65FE
FFA6925D
012E07A6
FEF064D9
FE2D6F50
0171DAC7
04C5DD29
00AA5CA5
0453FF2B
012D94DE
0242632D
00221026
002FB83E
03479FCC
FEDCE7EA
FF03DDDD
01508D86
013D0FD1
FEF82AE2
04D7700A
03457BB1
00DFB573
03D8DA7C
038B3E7E
FB167008
FEA0A5FE
FFB42325
FE1A3EA3
FE9645BB
FC122D68
FCE29DC4
01F324E1
FCEDFDC7
02ECAD2D
0245D108
00533254
01E0A5F7
00311ED3
FE3D9496
FF2672C2
FF4F3CE6
02461B40
FD7308C8
01FC7803
04EDCB31
04F03AB1
FEFBA9B0
FE1643D9
02B00B26
02958D8D
004F8214
0208B444
FBE8B98A
FD8846B8
04553091
02E8EB76
FF291F6D
FC9F6177
FE6DC532
FB5F59F6
FF0D90F0
FC68B2A4
00F9739B
FF2A4BD6
FCB34ABA
FB5BC2E9
FF0D83FF
01C9CE48
FF46E3D8
FC1E9A45
029C8F45
007E8165
01E57717
0187CC53
02DD3C54
FECB75EA
005CF425
FF1E3259
FD7D229A
FD4D0001
0466EE07
03BFD420
01720760
03C0E6B8
04ACB43F
03309369
FBC5FB8A
041131F2
015184B1
001B92DD
FC4F5525
0219E4AE
FB7D2698
FB130B0D
FF8349B7
0076D0AB
FC73CC04
0024DA4A
FDB079A8
FCCB2431
03A44E4A
04D2FD47
00B7849A
FCC4BEBD
002D6210
FB29511F
049EB23B
FE7F9D01
0353EFA8
04865539
02DDAD49
FFCBCF60
FC86A21A
FFA01943
00AD3249
FBA76FCB
03B5CAF4
FE1DC116
01524E05
03B10278
FCA4BEE1
FC5A0BB1
FCC5B3E7
02E13BFE
00C3D297
03F89841
FB588F71
FF8B9E4D
FE20D61F
FD44C1DF
FDA0C58A
FB3CDA5D
FC179206
FCF9E12E
FEAF85BF
017A2E3B
03D5A37A
FFE40B71
FFA7036C
033DBAA5
047341BB
FC74EB09
FE701E11
04B76B61
036010B1
04098B71
0037CE93
00DCDB2F
FC15F0C4
FDE6ADD1
01CF7CF8
04D1FB3C
022E4D5D
001BAB50
015D4540
04CA3E53
FBB87F05
FFDE1C41
FEF514DB
0168CF8A
FF161EA5
005E98EA
0309B75A
004FF505
FDC91E45
FBBC73BC
0218CAD5
02D6E325
00F43E2E
046D4D9D
FDB5C577
FCD9112C
03D0129D
045F6FA1
00C8E2E5
FE015488
009B1ABD
007529E5
FB1FD1F6
03C2957B
FD960BE1
0391FAF5
03556900
00052A46
01F0867B
FEAD094F
FE9B4AE7
FD636190
0484EBAE
FB75F41C
FF5957FC
026CD361
01DBCA4F
01BE99F4
FC45B203
FD965BD8
03DF87A6
FB0D6EE3
0348B210
023AB6D6
02F5DB36
FB1A095D
019ACE92
014404B2
FBD3FC56
FC14F191
04259243
025C3CE5
FD6F2EC0
FC054319
012004F3
FD4E7B22
0412CD27
FC34308C
01BFDA41
FF03905E
FD6EAF4C
034D082D
023E66FE
013B8313
FB3FCCE8
02854C26
FC63DDCF
008ECB54
027F9D40
FDFADF7B
FDB26B61
042F3955
FD26B47C
02E08462
FEBDCC91
FBA986EE
FC2C73FE
FE1A1B11
FCA51FC2
005D0521
FD153B3E
FD71F747
00E8484D
04091B56
FD1AB408
034F1001
02279036
FCE95D20
FD18612D
01CC5F9C
FBBD56BA
FBD76CC9
03CB5BD9
02264894
FBA651D1
FFF55B57
FECF632F
04E9AA45
04086A1B
03AB3475
0193187B
FC3CBEAB
00E5F331
FE2A5B5C
01D5697C
FE68E583
02924F32
FEEE2906
0316632A
020927F6
00646B21
FD0643F2
FC1CD94D
02284AC0
049760B1
034B8151
FDCD57B8
0455A18F
00BCBE41
04C2F283
004CBE82
025DCA0E
00A5DB8D
FD98434D
049699FB
FCDEF18E
FDA9AFC8
03D7B244
03AB7C2B
04DC7C72
FE349931
FE94FB86
FEA08ACB
FD464B1B
FC77F95C
020A09C1
FF64A8EC
035DFF5D
02067D34
00044DB3
FD3BDDB0
FBE7BF82
00D2BC61
FE34E187
007A7E1A
021190ED
0325C2A1
FE706351
FE7EAAF9
002C8BE8
03AE2F02
FF18DBF8
FC965CB4
04640B77
03774881
FC3B8102
FD31C6CA
00131B09
FDC4F0F5
00BFB68A
FDED425D
04FE93D5
04D241EB
FBFD0221
04819101
FE61ED63
02F44F5A
FCD97116
04FCCD77
03AA015C
FF4DE4C0
FC02E2FF
FD93947B
03BD0DAD
0153B531
FC438D72
FE0491CC
0213F67C
FB5B4E6D
FE737021
008C978B
FDE3DFE9
FB9BCBC0
FF217E0D
FBF0C8FE
01F0B76D
FF115D93
011D0EF0
FE01CAB4
041F1632
FD0AD954
041F0949
0000C1CB
FF9C016A
02420A26
00C2E421
FE26B1D7
04EFE4D8
014319BE
01154B3A
FB95F8CF
01C9E844
FDF7D062
FD08B199
FBE1CAF1
FED2E88F
FD602CE9
FED36FF2
FCCEBAAB
FE2751A7
FE00DC7B
00167713
FF21EE65
04809D07
016912A7
FE93DF28
FD2F20C2
FEFC37BD
001A8A2A
02AC4500
02CB6175
FFF0F590
FD1612AD
04A2A7CB
FEF617DC
FCA440A1
FF977DC4
02AAD390
FC57B5C5
FDEA0F53
0065A893
FFCBD719
FD84EC23
03CC8254
0168CAAA
04A46F47
FBED0E33
FC844F57
00E6CBDE
03C5627C
03A47AC4
FF30DCB7
FF00FA5F
FC720B9F
0377AFCF
00737B57
FD0F8DA0
FD14AAE8
FE310B35
FD892603
FBAD74D7
036DE3EB
FE3BA74B
FE156DC1
03982450
00A2EB05
FFC23E83
FE736CEE
FE939229
0468A94A
FE29A5FD
012DFB89
FFBCC5DB
FF700551
FD8BD5A8
FE074F75
FFAD4AA5
008237C9
FF17B038
FEE4D7EE
013450DC
FD075CDB
03102AD2
00BCA79F
FDF1A87F
FF9CB4E0
01BCE2B5
FFCC0024
018626E0
FDBDE362
FF9A2FE1
FC441DCB
FE69B6A7
FBCDBF9C
FFB54D12
FD77B57E
FC4084E4
FB224C07
04641AB1
FD2F0C42
FF86E524
FF483CC1
FD7B1D02
03D63ED3
FEEC48C1
0050D81D
04AFBEB1
FB9735A5
FF944BB6
0108909A
01EA5AFF
FBBF1DF5
FE6E1ADA
01E482B2
FB89204C
FEEB834E
FD5DFC80
FE6B2E05
FD71FD8D
01FB0993
006EACCB
012D7A33
FE4B988E
FB89238C
FC874711
03CA8784
FCA347B1
FD9C8A0E
FB3F6EB8
FEBC46E8
FD5DDFB4
021845D2
0481E8CA
FF137DBB
FD042442
FFC2E4B5
03AD10D1
047D70A2
FEAAAA47
04A0C069
FD867C67
FFCC124E
FDBC0CAD
FD747FCA
FE44F76A
FBB5917F
01A35E32
0217629C
0420F3B0
0140BDD2
039AEB2C
FDB849E5
04DD0202
021B5D57
01158CF9
046373D5
048F78E3
039E7F07
0444278F
03EAF84F
FCA74A79
FF8AB661
019EBECC
FBCC48F1
046B8502
02AD586B
FF667A8F
023F8BC9
FD689E65
009B0D92
FB56B7E2
00E52FE6
03193109
FBCDACD7
03448651
FE14E20F
FC3D111E
01EA111D
014EAB22
FD8C7227
FF8FB673
03D77789
01DDAF81
00838C48
04D607D9
FEF563D1
0468E912
0269724B
04237618
FDF42232
03F48EE8
FD4FD0BA
FED7109F
04067EC1
FF548EB7
04C212A0
0432D6F5
02F8292C
FE4C2B03
0018B20B
029156D4
00DF8E0B
0194B6CA
04755960
FE8F28C5
04E95319
FB3A4834
FEC395B0
FF479AD1
009726FD
00364C3E
03792B7D
044BCDC5
0048FA78
FC57C721
FBE1F773
FBE83DF1
00F4463A
000C2C52
0256D78D
046A6512
0301F1D4
03C02829
FCA7D6BE
FFC731D4
FB99DBA7
00ECD3C3
047712D1
FFC969B9
015D19F3
02465C6A
0076555E
FDF2D8FA
FD80ACB4
04C3F98C
FBE68FF8
FC6334B2
030DC131
03D5F0FA
FDA22E39
0317ABED
026CB7C0
018A8AA5
040B59C8
FEA784C0
FBAE13AA
FC208BD0
0414BD43
02297009
0090F27F
031A57D8
01D0A925
0123ED44
03A0B04F
022D60B5
FB39A29A
FC83A552
00D56F86
032431BB
FC210FB6
04A55509
FD53DB2C
01B7CBFD
FE366C0F
0048E9A3
FECB1CE6
FEF08972
FC703400
01731362
0038C758
FB0181EA
040FE188
FF26A96D
03E88974
043DAEC1
FB062B42
02BFD18F
FC1B0D61
FF11E777
014C4583
FE23B72F
00C13FED
FD5F1D60
03DB4C48
030A30BE
FCD23A5F
0305A7B7
FC935033
FCECE18C
FC998142
0103C1A5
FDCE0B70
FB36B55C
FE82D084
0131FBC6
02AAF33B
FECA139B
FF3C5BCB
00001D17
03C3EAFE
008AE396
FEAE0F07
FCE74AEA
045C0576
FEDA360E
FC425F0E
0236E9BC
FB9DB1BB
00F1AE38
FD758A95
0196D4B8
04932FE2
03FA3EF2
FD92756E
012B0A7B
FC41DB87
FF9A1834
034EB179
FD65DE7A
007B4F1A
03305AD2
03D3237E
03E47581
FCF736AF
FF5703C5
029693E9
FCEC94A4
034ABF07
FFF68BB4
045E01BE
005E515D
FC7F9532
FBB916CB
FF312623
030ED16C
027B30AD
034318FD
0010E8ED
FB8193B4
02A1D841
FC46D635
0343A62A
0412C21A
FC6DEE8C
02A6AF6A
FBC8E948
03A9EB06
008AA71E
FF3812A1
FB7529FF
037A9AF0
FD57863D
03E3BA2E
00FE35C7
03889B40
0025830C
0388B529
FE77B31E
FEE21CA8
035F8DB2
00885658
009D38ED
0474B7B7
0121D693
FD730C78
FD00305B
FE84018A
FBA1E767
FE4C2D7B
FFA656A7
01230EB6
02A380DA
FD4266D6
FBCB10EA
01F09096
FF9D5DF2
FBB1BC11
FE0243BD
FF77664E
01B354A2
FE7A6431
02ED27E3
0208CE20
01414CDC
FB099AB2
FD27C946
FFBE3298
0010D23B
02144896
026745F9
FFBE3DEE
00AA7DE4
00F1F4D7
FD115015
FECC250D
024CAE7F
02899773
FBEA5304
02367A29
01E6EA94
FFD86C44
02C13CAA
0441F0C7
00AA969F
FE3C4BC8
01B1FAB2
01E43CBD
01DD2CE6
005A65D6
01C4E255
02362302
02DC94F3
FEE24F8E
04E24F17
0453B3E3
01F28720
FD2C70AF
FFF03979
03E80C1B
FF75BCC5
02717365
02DBEEF7
0097F9EF
03AA5F23
FCA1FB7D
02EF2AB0
FCC34764
04DA43AB
037D595F
FB442E45
FCDE55D3
01A06192
02A678DB
FDCE5C6D
FDE89D23
0219C793
022FC79F
0233178B
033F0713
021282D7
FF03DB5E
01AED0F6
03820CF7
00779DAD
FF0C1918
016CE7A8
FFF1EE2B
FBD504C6
FC63EB7A
FF568920
FFB24DA6
FF54B783
027DC6BF
FE381A04
036A148C
FE119836
FF247AEC
00B32163
025A3211
FD2187CE
009C8508
03B4EB05
04770BC3
031F98AB
FC104941
FB719B87
012D1697
FC02A261
04FCA47F
FB5D24D2
01AA4334
015E2B24
01A4F715
FF83DD02
04B4DA57
038C1561
0496A329
FFE5E622
FCDAD5B3
FEC9E29A
FC75B051
01483DA5
FBCA9295
FDE19B4A
04A00501
FF3204C5
0043294E
FEC00A20
FC24A510
0018A7FE
01312811
FEF04F50
037972EC
FB258907
006F5E4D
FC5D2E11
03887221
FBA57688
012B12F3
017ED338
037AA08C
04FCB9F6
017A8DAE
FC4440A1
FEDCFDAA
FC0D3F32
014212A5
005CA871
04905CC4
FEFDD664
00CCD66C
00CA12B5
FC3737EF
FED28B9F
FB4D0F4C
01D3118A
FBFE5303
0344FDCC
01BDE814
03F0F6D2
012B73BD
FE9FB09D
FDAF7E8A
03749231
009DC1FF
03AC2DEA
FDD66980
FD07743C
0371AAC5
00249951
FD9D831C
01A3F698
01095DEC
FEE6412D
FC1EDB8F
FB9260B6
FC1F4BEA
FED83608
FFBA4E5F
028E617F
0305554A
FCED37C4
00F54884
00F9CD16
FEE90F1C
FB738243
0269D5CD
FF1BB1FE
01F1E4C0
FE852F83
FED20B1E
FC850126
FE1F5DB6
01398705
04648B7D
FCDCAED0
01B303F2
FC30E2A9
FE57768F
00CD2703
FD93A294
0422DE0E
04999B4D
03472D9E
04371CC7
03A8E695
FB74A324
02BE74BC
027065C5
02DC426B
04C2DCF1
FBF39559
03BDA9C5
FBA2E15E
0392DEE3
FDC07315
FCF351E0
FE633706
044390DD
FF863DF6
FEEB9B22
FF10C16B
FEDE29A2
00C9D30E
FBA687DA
027D9C42
048FFAD2
0236BBFC
FD3FB834
FD123611
FEF260ED
021A10BA
FB437EC1
019E22B1
01A39BBE
FE71B88A
FBB5656B
FF8F1355
00F8B739
04834933
FF96D7BF
FB5F0BEA
FEB80D99
FE6BE9C0
02E421D7
FC2EA18A
00885414
00BBFACE
FE865C97
00518567
FDC8410D
00621CDD
FD82B910
0191727B
FF509321
FF0493D1
002FF5BD
FE6E3E94
04A20DA4
04E60AB7
FE00ABA0
031255D4
00D062C4
FB858B8B
048CC65F
FB6F855A
01D56CE1
FE5F0102
028D1911
0078D887
FFFDB775
FCE4029B
FE0AF04E
04748E20
018E7E97
FC25FE8C
FE2A081F
00F9C754
FC9DBFD9
023E2AFA
FCB6635A
04DC7421
FEA797AE
FDDC22A1
028E94CC
02639E12
01E3B29A
FE4FD4E0
FCBA1A02
00FA9D12
04F8EABC
FD3DD75C
FB9E6080
01FEBACD
FDE1EF48
03632AB3
FC60E82C
FBB290FA
00171BD7
033B811D
FB00F350
01D18553
027D2081
043947AB
FEC6561D
02625A50
00FA11CD
FC8AB9DF
025D3A4F
01D4D3D2
FFAD6E30
00A11723
FF46970B
017FC72C
028632F5
FF6F4C3E
009A85AC
00377CD3
03F48614
041232CE
00FB9954
0310AA3A
FD9016FA
FFB94CA7
02D0B907
FDF57D38
FE82B4B6
017BC4C7
FFFB7D1E
02C372EC
FD2621F8
039A5163
FE0C4AE1
FE9CA8D4
FFB5A6E9
02348986
010A56E6
FC3E18CB
0139AB17
04855FA2
FE2121EC
045745EE
021B37A5
FDE1CF7D
03F3C9BC
FF934BCC
04CD2797
01514F59
FC850462
02729972
FF46ECCC
039E9AB4
04A33895
FED05C5F
006ADF59
02DE360E
01B74B06
FCBDA2CB
0245FA59
01DDBE79
00CC4A05
01545126
FEF41922
0458B3C3
035450D0
04DB55E8
FF192598
03F81C59
02A42CBA
FB30E415
FB0DFDEC
FFAD2B89
FB9B997C
04B72164
03656644
03BCDE5F
00083CEC
FCCFD10A
FE9DB9C2
0478CC7C
FE5CA4BD
01AEE3C2
FB251F29
FE859BC9
FD8634D9
004A1730
FB004A72
FF31C669
0252CBC3
FC2CB5B7
0150B9CE
FE81DF11
0167DC3B
FFAB9F64
FEDC087C
FB014D23
FC263382
00E11FDE
02C71A39
FE5DF741
FDAADDFC
FF3FAF37
FF735FEC
FB17CF46
03412286
FCCC02A4
03A69FA5
007DFF1C
04B59475
0043DDCA
024420EF
FC82A868
03B21357
FEF58ED3
001D8732
02A9E0F2
FB7EBC0A
FCF828E1
00A47DBA
FBB6A0A4
0183F62B
FE952FB0
03662A7D
FE44CF6B
FE8BA803
0157365B
02AAEE36
FC40129B
FF00CC6B
FC6022B6
FC8F98A9
FBB81BA5
015E0E7C
02AB407B
FE223E72
00678F78
FB3EFCA8
FF257CFD
00BE529E
FBBAEDEE
FF1A1CBD
FD9DAF35
FB73531E
00F45EFD
FCB7A13A
0476F007
FD5E8E4A
FE82AE45
FD7E0654
FB7D56BE
FE7F21F6
007E47F3
FEBA0AA7
FB812CF3
00A955F3
FC73E1D5
022478C2
00457A3D
0254C249
02758538
0064332A
FD721536
03F52E1C
FB168D83
FF82FD00
FCD11F33
049A8870
02246C99
01BA2FAF
028F902C
03D7E13C
FC774B07
FECAE235
0491811C
FB69D2EF
03C89474
FC990223
007DE002
02571FE7
0475BE0C
03A980D2
000003B5
030D3A50
FB83C153
FF6E9BC0
FBC896C8
FCFCFD07
014C644A
FDF39800
FD6C0E1B
FD72A084
FCDA6203
FB69F5F5
003CC38B
FBF8595B
0257CE3F
FCD2E514
01C04EE0
04887E0D
FF2D97FC
015BE416
0477C5D2
FB70EE85
0020B0BE
01ABA370
FB8D71AD
FB1449C0
FC23FD04
01F6B2BC
04FE0D7C
0487B7D1
FE5F1C90
03A49238
FFE73CAA
005F3A4B
FD828F5B
01496488
04FC0E45
02D1D0AA
039A89F8
FB356CCB
FC709BE1
FD7EE264
FC0461EC
FDA1D838
FE716B17
03A6E571
FB2CD04B
FC7882BE
FDD6A607
020B1EBB
036A6E30
FFC96536
FD3A7DC5
0218716D
012A252A
FEBBB8F7
FF76CD75
00423420
FD552C87
01A1465B
04B8847E
FC9F062E
FDE9F648
01C7FDCD
023E03B9
04E3AAD8
FC7D3F79
FF813E1B
012768B7
FCEA8927
00820B46
035BA3AE
007E33D9
FC84984C
04F3F151
FF2F8ECC
01DAD696
02641444
012F7203
045A424A
03D0797A
FECE7E9B
FDD8CA8E
01759DE2
FC4B0813
01FABAFB
FF08A23E
FC240D2C
FF1662A0
FF52452E
FFD18FE6
FC870A89
FC5342B8
FD87F309
FB6FC57B
04A1C3AB
FF2AE372
02A5C0B9
03A52087
FC5BCDE1
FC7EF865
FFBD149C
007E92BD
FCCFC9BC
025AA9CD
FF9E8F86
FE869BD0
FED2DEAE
0282851E
FBECFC70
04C147E2
FD60102E
03E196E7
FB9BAECB
FDA150D9
04B1A01F
0187B5CC
FC370CEB
FC745882
FF3F7444
FBF541DF
FFBF12EB
FF215939
01980D7E
0251FD03
FC35C4F3
FD8869F3
016963AA
FF4D9DFE
FDEA5290
01BF480E
02AD4870
FF770382
02110CFB
0088AB51
007034BE
036A12D5
FB565206
FD94A661
FDE4B5AC
FE842E72
00BD2A1D
0101BBE5
FFB4FF26
02AD90CE
FFCCEE6C
0276673E
01687840
FC404F83
FD0707B4
FBFA282C
0031403B
04A65852
FDA0D2E5
011F5AC9
FEE1EBB9
FD05D15B
000360AF
01765981
03686F15
FD550DCE
04FE6627
FDDB61FB
FE5EA564
FF1103E1
02167167
FECD144C
012E8766
FC185FD9
FB91BD89
FBD9F338
00DC9DEC
FD877441
FB25DE5A
FC6F534A
001E730E
03281A27
FF143479
010C9921
02977A29
01989A60
00F78197
002EE770
FE975C27
03E2ABD5
FF8B3B53
03A0E7C1
FDE8CC7C
0273029B
FD7A90F9
03CCC03E
FB36CD6F
FD5F0D02
FC631FCC
FDEA39C2
0173D37D
039B3E71
03FC212A
FDEB6C43
03E880AE
02823202
FF9A1FCA
FC4673E0
02CEA4C9
FF2D27B7
04E6D46E
FF4BBBA4
FC9E6AA1
FD51BF6C
0493F418
FCF4EB27
FBFB40B0
FEC05311
011C64F6
FBDEC2C0
00065FE8
FE7858B8
04C995D3
018EC699
04BEF204
01245F29
FEC07DB3
FE789D80
FE088EFD
0269A1A3
FF56FC5E
009AAC0C
042F4485
04F0016F
FFE5E6C3
FC9D9315
FC02D36F
FFAE53AE
03267665
FE0CFB9B
02F72242
FD7CB9CE
015D186C
FCDF3FF1
02724B6D
FF3D7CDC
01260EFC
FB362042
00A1C1AF
FC3B5A47
FD67F27F
00E10E4E
041AFA6B
FC3C8595
FFE1D78E
FBABDF68
00ED6F55
01C8A714
FB46B0FE
FD1D2A01
FD4D88F5
FC08DEA2
03ED3DC0
014DF843
044CA544
01B2A0BC
02F9D355
03EAE834
FBAFA340
FC8A9423
045F3B8C
0156AA70
040B5E4D
001C2FE7
FD1FC3B5
013BD93E
0300184C
FBAD0B9B
FDDAA353
02C683B9
FB4BD2E9
03D7C394
FCFB8335
FEAEEB20
0400AC1B
025C9FEF
FFD4AD8A
009306B3
FEB617E5
FBB455C6
02663485
02064960
0010B225
FE7B3887
FF5082A5
003E47CC
03BAB363
03326E1F
FE1548B8
FB7E6D2E
FB055EFB
FB4EE39C
FFC113F1
04FB6062
FC384F29
FEB73C39
FC4CB886
FF0EA799
FDD23D28
01F7D23D
02F1A670
04AAEFCF
0499A6A0
FC180073
FE3BA5F0
FDDF6BCE
FFFDB712
0191E1CF
011E9F7B
FE83F1B0
FE07D6C5
FD684937
FD4F2FFF
010427D3
FB670859
FF4DD335
FD0E1D60
FD546959
00E57315
FE1BAADE
FFB37CFD
FE3533A4
FF2B4259
FB9D119C
02DC4444
04340A26
FFB64800
FCC70E1E
FB0A24E8
01982B06
FEC006FA
04911E47
FD2EACCA
FECF59BA
01111FCE
FE902B46
014478EE
02A54802
FCCC0766
01F78D55
00D97161
02D2F270
FBAC202E
FB6BB7F7
FF4DE172
02425C7D
029B02EB
FC0AA057
FD600F06
FF09150D
FFF68C91
FBA39951
FF858721
012EFD1D
013FAC41
017A8AA2
FEB1FE8A
0220EDA3
FE3AFB40
04FC3F35
00CB6D63
FBC895C6
01A50A96
FD3CA98B
038D72EF
FC035011
FF00792C
0476F9DA
03688B3C
FD8E24B5
FD03DCA5
015651D3
FD220EC5
0244ED75
04470F42
FF4CA852
FEF8284E
FD87641F
FBB717EB
0193E58A
FBF2116A
FF179B27
028F810C
04D024A3
FE8E8913
FE8ED6DC
01F6AA76
01D9D4AD
FB5D6247
0009EC43
02DD7905
FDE91D0F
FBE4BFF5
0331B14F
026C5E12
0084E8DA
042AF586
FF9AE63D
FEFC7F99
FDBF820E
0024A887
04AF521B
018C60CA
033D48B9
03FF81FC
FB45D110
033D9849
FC87BDB7
FEE4D566
FE008604
03328554
FEF53676
00DAE9D2
FF0724F5
02EEFBDD
FBBA0BA9
FE260B91
FE04869A
FCA1B6B2
0151D314
FE3FA111
04E2EE46
FFF9234F
01BADB5E
FCAF3D56
0151B0C8
046D3CB1
FFBF4AA7
00D90DDF
FC61DE01
02280CEE
FFA6F9AD
0058E2DA
01630424
01112DC7
02682992
FC04F262
FDF29049
FE14C92F
00C895B6
0299DA84
FE0F0623
FC00B359
FE577784
04F25010
FD46362C
FDFA1578
FEEC761B
FD7CEFA8
FB66758E
049AE045
FF34B1A8
FF751CD4
FB46BE03
037DC287
04B1D433
0490414B
FBD160CF
FEF59948
0194AA67
04CF0317
0056B632
0156481A
0328492C
000B1B84
FD84BC06
03CAF022
FB6FD86D
FC3D628B
FF988FC3
FBEF63D9
FCBD66EE
018C2F47
FF4B0292
03B3A90D
FB915CA1
031D419D
FB329F4D
042A7616
02A150BA
0054792C
FB56520C
04E3BF1E
0282A4C5
00E933AF
FD7AD948
041B28F0
FF62CA35
FCC7EE52
03FD2808
FC79EB9E
FB5AC44D
FD173E12
046DCA5C
FFCE1B06
0065BD55
FFDADB38
013196BC
FE3B4CDF
FD86F673
003130C9
0298BF3F
038050A5
01E593D3
FB06082A
FDC7E4B4
0346FFAC
02B83F97
01C93388
010791E4
03B88291
04ACC5D1
FD1F8A56
00D28192
FC2D2CC6
FC0A9CAA
FF468EA4
03C3E8C8
02B7B6D6
FCDA75A2
FC80CC4C
003991C2
FD76AC56
04E926D5
FC999622
01606249
FCB8C768
FE4526E7
FDF33975
FF93E240
04DDA5BF
FDDF453A
00E1A1B3
FEC774ED
FD33A036
0284BAE1
FD9AD8CE
02905F36
01F431B2
041694E7
FB358D25
00DA558A
FC0EF254
FE635FA9
FB3DEB28
03F2468D
004DB152
04636258
FFD6A56C
FF664BF8
012B0B60
03B5EB26
FF43FB17
048F2ABD
FF1BEEE9
FF112C76
FE1D325E
FF7D85CD
0442D4F3
018A7D1E
04E165D8
FFDEBAB5
01B75F34
FF0C116D
FC17B75B
00C0FF10
003DB930
FB6D7CAF
01F50F92
FD947CEE
FCB5D3B6
FD91BB47
FC739982
FD316FD6
FE83A796
040FAA3E
FE2691A0
FF795BFC
02B452E6
FF8AF1FC
012D7883
FDEA8318
04F471B3
024D2FC8
027171D3
0452F904
03BAD5C6
FE7B4A30
FDB35E00
02CECEFC
0051CD84
FC6E8C42
0424FB1A
FDCC8CAE
040F4A32
FDF73201
FCEEE3EB
027B9F1B
03B1E6AB
FC0F1805
0382B4FD
030A35E1
FC475F81
045CF4BE
01F94797
011D402E
02B33E15
019CBEB0
01860BA4
FD301D57
0075CE3F
03CFB741
FEA4D7A2
001284D1
03A8BAF8
01FB56D4
FB625CED
FECB4074
FD9DF764
04F178A6
03C811D1
FFF71A29
02C9BD5F
FE38ABD5
FBE0BD4B
0407ADEA
FD6CA548
040D218E
FF7AE6F4
03ABFA87
FC78D756
031F2AF7
FE90332B
039A71EB
FB5312FC
FDFC2CAE
FD559901
00E269CC
0008E29F
FC60F67C
FB74DF59
FCD89877
0038F92A
FC212475
04F62C77
00EC4306
00392B97
FF1DDCBC
FE02A843
04ED3482
03B815FB
FE6B0F7A
FDA4A383
FFC38A6C
FFFD025D
FB5920DF
00E41BC6
04CA9A6D
FC696F44
FDC756E2
00B3544F
FCD1F0A9
FFC88975
FCC2B679
FBF36E70
038A03DE
FE173128
FB280B00
015DB340
FF261A5F
FD246BF0
034723F1
01621841
FD4DA1A8
024C3173
FD60882B
02B52C47
01BB152E
FC624097
02BC7A6D
01C0CD25
FEC03378
FFAB6E76
03F11ED6
01323E35
FCBF6863
FD62F81C
FE42E918
FD26A3FD
FDBBEDBD
0474C039
FBDFFBF2
005AD50D
FCA23A17
03C7BB3E
0405F0A6
04E5A4B4
FE616316
FFCDACAF
035C8323
FB46F446
FD086ED5
FEEABC0A
0135094C
0280F020
FCDCAA49
FE00B4EF
01189291
00FE69C6
FCDA8EA5
01ACC9EB
04BDE0BB
010D885B
03F1B84B
FF515E6B
012FB76C
FC11EEF8
02E82F38
01EFE1CB
0054166B
FE3F67CD
017B13DE
FED97BF6
FF6CF946
0240DA9F
001A74FF
0159E372
01555F51
03BBD77E
01AC21DF
04BF0754
FC2FFAF4
04D75FFD
01B32CF8
FC64A04A
03AE0A06
FD05402B
FBA95E54
02E5EF2C
FC9D557D
0347781E
FE0514BF
044BE3D4
007B6405
FEF64843
FC3D56BE
FF1563F1
00B4CE2F
00A0AA51
020EA99B
02D2F64F
FE2D34AE
03B9DD74
02F2D0D7
FEB263C6
FFBF5873
04674DD5
FD2789C3
0449C4F6
FF1F5990
FECC541F
039FE995
FB31A05F
FF095420
FDAF27C9
01B75A8F
043F4418
038EB4F9
042312D7
FF8C56AB
FFA04B89
FF429739
FCD45614
FCCDDBE6
01078B7F
FF1EE4CE
018D0B5E
FD47CB8A
FDDF90ED
FE3EB3D3
03911099
019D586F
01FB4230
0463429F
FF3C8E7F
FC494F47
FF05AA6A
01713567
011BCDAF
FE4CFAD7
FD8D94DE
01737239
00FDF78D
FCA7A4BB
02657BAB
01C9270D
FB33A39E
FEA39810
001F0251
FC92145A
01D4EAE3
FECE2E64
0102B385
00787540
FC102E6D
FE2DBCB5
01FF36CA
FCB3C215
FDFDC4BF
005E9A3A
FB1459C9
006C996D
FD9567AE
02F72F75
FEF6DE36
021934EA
0242BF63
00717CF3
FB419F15
FE77B9CF
FD9F145D
FE901E13
0451DF22
FE653191
00764784
0168C0B8
0304E03A
04AEBAC1
04D802E2
FFEC2143
02DC9E17
FECBDB45
FCB58DC1
04BE5999
00E6B820
FF48B9E2
FD266284
FD036983
FE4B8790
FB639B94
FF6E9519
04D0ACD9
038FE6F0
FB0EC94B
005836C0
FFAEF676
02F28066
FB5E522A
FCF3B845
01D05B85
028F075B
04A0B265
01685226
02337F3C
03FA149A
FB4DD2E7
0443AB83
0093E1EF
FE4D354E
FF2FEED0
FD0AFE35
FC423A79
FE6A8183
048D29F7
02B71DE6
008C953E
03032731
00F2506B
FBED4684
03BB6489
FECCDA0B
04E3DDB0
012637E7
01AB011F
0278F14D
0260C1F8
FE558532
004207A1
FCD2B0B8
02260154
02ADF61A
04010D45
01530237
FC1386E9
01C8024A
01A423F9
FF2A333A
FC41303A
FD3328ED
01FA9D95
FBB54A23
FEA467D7
02D32E1B
FB9D06AE
FC33EE67
FEEE80C1
00FE7506
FE067DC1
FF34C57F
046E9FF9
FB8F9445
00B97A76
0025CCCE
FE1F9844
FFE806EE
047D00ED
FDAEBBB1
00E67853
FE2006D4
04F95627
040CC5AD
FE8DCBA4
FD1C1034
023632B6
FB2DA310
01253BEC
02DAEF10
022BF9A5
014F8373
FBD16293
FBEFC5AF
FC8DF098
00E77A15
FF2C9C01
FCC9EA43
0445DDC5
04EA325B
026B1B45
FDAE55E7
FF3FBDFF
04A17662
0440C219
0453E32B
FD42AE48
FEF258DC
FEFE28D5
003279D8
040BF5B2
FE10CEF0
03A87841
006114EB
04093848
00FD9995
FB945847
FC81C837
FE74F9BF
03361E92
04547797
FC475216
FCAA5C6D
01D03DDC
FC3F0FEF
019DFD24
FB170E63
01D65BD6
008E9E6E
0384993E
FC2D55D5
02495911
029BF236
034515D4
FBC913FD
0420547E
FD9F0DE8
FDD5B2AF
FFE2EA64
00F38930
0187DFC4
04E47FD3
03CB587E
FC256969
0487FE1B
FC524BCE
01E44F8A
FFC85D3E
03EAEF89
FC2E7E6B
FC84778F
03EA80B0
03AB13FC
034012F8
FF0D1351
0394203A
046DBDD5
00C11D0F
006C5273
028DCA14
00FF8A1F
01567B76
01100522
FE292A9C
037BA9FF
FD24BDD6
FBEA8944
0028DD30
022B6917
FF1E4617
02EF5641
02F2BD39
008EAA3C
036820A2
02E6466F
0434A29F
FC234562
001544A0
02ADDB2A
FD3C05FE
FC16CB48
006A103F
02229FD2
FB0A9BB3
FDCA0BB8
FF8756D5
026A0466
FEA5A672
018E2BD0
FF852165
FD01F1B3
027A8B18
04417C5E
FF046D7E
FFF744D4
FEF15665
03F8870C
FE50F86C
FDE22435
FFEAAA4D
FE2F23C4
FD3FF388
FDC13F2E
006038CE
FF0845A7
020E1A96
029DE08A
02443C60
FE40BE60
02DCF58D
025E273C
FD6F2990
036CA867
FEEA65CC
FF7E9EBF
0198854C
FEE5D8D8
02F25C5B
FC86C9AF
FD551FA3
031FCD8B
FCC601E7
00DD11E7
FBBA132D
03829AE2
04785B4A
FD8071EC
0183B215
03E76522
0092F3FF
FB0612C7
FD84FD14
036EA4DC
FC577D5B
028EB50B
03B02F87
0367BB6E
FB790BB8
038E1EFD
FB8F6393
FFE459F4
005D7F58
FF20ED76
02918476
FE4BAA06
FBF1F694
FB317426
00B94519
FC69B586
01E462E0
047D5325
FD6E48BB
FCC72D17
FC701075
FE18B5D5
01D3C045
014A5B8E
048CF294
03EEFA68
017C3A09
048E9DFA
FEDB44D5
FD67FA7F
FE967CFD
FCEBCF7C
02B39F6D
015D3438
02368531
0062A6C8
029852AB
FC4F0A7A
011AAF80
FFB9074E
01E1697B
04288697
FF35B97A
02206505
FC6EEDB2
FD179C4C
FE2B78ED
FD79EDE0
FDFAA565
FDF11DF6
FCC5B836
FC05D39D
015B9A6B
FFAD12D5
FB2CC74A
FECE64E2
04A5BA4E
FE455A2F
018B87F7
FECAC115
021DD065
FF6EBEAD
FE1F9ADE
FFD1B58E
FDF7F17C
FEE4F59A
04E834B2
FBD88AFE
FC204BAA
04FBBD28
FF5D5B18
FB9A0DB6
02EB6843
FEFAE6B4
FC68C206
04F55A3F
FB764444
FB4B22C2
03AF88FD
025894BD
FBD42DDE
FC3B9E64
015EE70A
FB46C7C3
FC23DF7E
FE0AEB22
025E1CCA
02526281
047368F1
FB7F9288
FCA61ADC
FD54B3DE
02AD0E9B
010CEA01
FCDA0264
FC94BB8C
FC140BE6
FE9B14AF
FC470A9A
03AEC529
00E2C77A
FCCC50B7
01F069DC
01A790CF
03AFF554
028446B5
033A3E19
00A14540
FF6A6245
FE8C24F7
04A5800F
0201D867
01E0A9AD
034A1122
044E48A7
027E791F
025694DA
FE4943F3
02AED3A1
FC8D2C60
03B2DA17
FD48C760
02F57EFD
0025A527
03483ED8
0369DED6
FCFC2AC0
FC9B44DB
FE3EC558
04528E0E
039C0346
03283B1B
FFD05E84
FF8A3EFD
0319301F
0278810C
049E7635
04000A1F
002893C7
03A0CA6B
02C5BFF9
0444E71C
FD6C177D
FD30C6EE
FC2C137C
013EC8AC
FD53B2B1
0307C8E7
FDC9C7B6
FD6A3E02
048DF2A8
0340C9DD
FB4DA7CB
01B07208
FC42D340
0088FE3E
03E6F9A9
04F2D7E0
FDD64721
FD8F73F1
FB9A7687
03451A1C
02851BDD
00699F80
FCC0E65B
02B939D0
FDE24166
FCAC3240
FD6575A6
FDF39DB0
041C734F
FFA5EEE0
02F7F93F
FF4E16FF
FEC086EC
038DBFEE
FC07357F
FCA8AB2A
FC7B7DBE
FF16E507
00FEF2F0
02BDCA7A
FD37608A
0216341A
FC5FF397
FC4CF62C
000F4264
FDEBBE30
FF175910
021B9327
FE988F51
029EA192
FB81EB75
01F36E5A
04135262
043126FB
04E40E0F
024732E9
FC8FC44D
FB33D994
FF8CC7E4
04E3AB98
03BDD933
FDE18FEC
FC02F36B
0303E9B5
00379773
FE79737E
0453455B
00D29BA7
FFEB134F
010301AD
045E5ADB
048D2C58
FEA1F5C8
FF485CFE
0302F1FA
FC36FD8F
FF2509CF
FD7F9080
00B2A272
FF753E72
04114A28
046D04F1
019636D9
01F46C36
FD52B67A
FB4FCFF5
035BE921
FBF1DD6C
03B722B4
03FD0A48
FD5695F4
FDFC5F43
FC0B6298
03BF55AF
FDD8DD47
FE8F44E3
04B5CCD9
FF845A10
FE11D860
02DB781F
FF10E1C3
0337F2C9
02233195
0192B7ED
02905D76
025CD233
FEDD2793
FDA810E7
FC2D0062
02417A3D
FC4BF21B
FE9D74B6
FD9BAA31
FEA4CBE4
02937E8C
02316118
FB4AFB2C
FBAD5863
FB414667
FF275B05
FCADA40C
03624DDD
FC9449DF
FBA6DA01
FEB28F54
FC9E9C0A
006FC45A
04245DE8
031DB616
00F444CC
FD33D965
FBFC8605
FCDBCA81
FE6E2B7E
FE3A7948
FE2C0283
009695FC
FD14B651
FDEE1A1F
FE50CDDB
FC70BB1B
008B57BA
FD9683C1
00552B91
FD6A876F
FFAF9710
02BB9211
02B550EA
FDBE6FE3
FB96A6F1
FC61DDC0
FEF80C08
FB4CD6FC
FECD6865
FF05B36F
023099BB
01110955
FCE879D4
010004D9
FB7A8881
FE4826B0
04E6DB41
FDB35907
04DEC0F3
FEC8A2A1
03D0937A
FC10C4E6
FCE7FD2B
FB4C38A0
03BDF0D5
FE06F757
0039D29E
01F3340E
FC341AA1
032EB471
02C88709
03C3C574
FD68B79B
044E1E27
FC5CE696
FFC568AD
03FF698C
FB2EFD17
FE34ACC3
FBB1A8BB
FC2A9031
02361E44
021CE53F
03F3A22B
020832BE
FE5B8845
FE4BD290
FE4C8044
001F26BD
FFA846C6
03B18804
03BC886B
0340CCEF
020A89A6
FCC662C7
FE0085C5
FBA3EB6A
00E1FDE2
FD923966
FCE646DD
00A4390D
01930120
FECECECD
FFEA1AD7
0431327D
FFF44EF4
FEB41085
FB8AA465
FBB4AF8D
04F1E10C
0257C3B0
FBAA1C2C
FD48C971
FFD9542B
FC65DFE7
020738D7
FC69C405
006A6CAE
FD840E1D
FE750391
02395C80
003535CC
037DB80D
FEADAD1A
00810CD4
00A5C2AD
031E2DA0
03E08AA5
FDE235FA
008D37FD
01F6D1EA
01049F1C
04E21804
FF3DD96F
004EEDD1
FCDAE996
FC4A73F1
0061A749
FE7D71F2
012F7912
FBBD4115
04583D54
044F5180
FE424F84
FB0F4E13
FD2C6D90
04AB33BE
00DAAA51
02354AE2
00FFB5EB
00673A92
FDD1FE9E
019A6319
FE87D4C5
03914D21
FE9A6247
03DB7100
FBC8C326
04992F8C
FCA53A6A
FED1A66C
024D334E
00F82920
FB5E9A7F
0235C072
02883486
FDF55480
01B6968C
FC5DA612
02A97B72
FDCB8E6D
FF0369E7
02D80135
FCF51EBB
045E8252
01AE27D8
01E353BF
047019C4
FBFA46FB
03A387BC
FE8BE47C
FECDBD92
0263A724
03139585
FC9D1823
FF5E6E9E
013EC915
FCD14DE7
04D91DC4
015A0E74
030D26F9
FEAE3405
044088BE
FC9EF8EB
040A8348
FD6A76FC
FBCD81CC
01C9FCD1
02ACBB3A
017DBC52
0200DE7A
04A63D13
01FE1103
03C76577
00A74639
FD6EF28A
0235E3F2
00162A30
FC82F96C
FB2F44E0
04E6867C
029438A4
FB8A4E25
00BDC3AA
FD8717B0
045A9ACB
02B06FDF
01E6E596
FDC76CFE
FF2161FE
02306932
FD4B327A
004665D7
FDF501C8
03C25D44
FEEF8208
044EB40B
FBB1A253
04700EE6
007216C9
0372220D
FC5B88F9
04B03F6D
039A72FA
FCD2A7C5
01CECEDE
FBE6C9F6
048FE480
FE7F1F83
FD5B3D4C
0490712D
04B07724
036D55D2
00744258
FCF15ABF
FF4600FB
0055AEA5
0186B05D
0442DF3C
012F3824
01089996
FFAF2810
00F652DB
02A39EA7
02F4E3CB
00A3A8AC
FB674ED2
0378A75D
FBFCAB0A
FF1FE3EA
009CE4B9
01EBBD69
02368F49
03CA69B9
006BF43B
FBDEA5F3
0365F8A1
04CD5421
022632B3
FF736540
03CA11EB
FF98CBF2
02D0B689
FE5CB23C
010A838E
029CA002
01D26F5A
0491AADA
FDA3147E
0380944B
03666A45
03B0F5BD
03AE5182
03AD98DF
FE687FCA
FCB262FF
00C5613E
011C0D12
03E31EBD
FBF8E5E5
0408F842
0355E684
02320507
009A4663
02D2CE6D
0139D496
0409AB9D
041A637B
FDF3FD0E
047CEE48
047CF50B
02A0E0B8
04D48D6F
FB4E9B60
00942246
02342986
FE763CC9
015C128F
008DDC33
FEF962AC
022B07DD
02AA2D6E
03215B18
FBB563A6
02826D19
03EDAB7E
044D4263
FDC7E68A
0109A393
FF3935EC
03E5D3CC
FED83A58
03A50AE2
0471BD9C
FC3B99A3
03978AF8
FD95D115
FD4B7B44
034AB639
FF38A636
FF9E051A
FFC99A6D
019445D2
FB3EB7F7
FFF403C1
041B2D3F
02E04768
FD45AF0C
FDADA875
FD0F5B13
FBAFA477
FE5EDD67
02915F0F
007A2ED1
00B5B7DA
FF3E1B61
FB669C86
03B42462
0358C3D9
03AA9597
FD70670B
FDEE218B
FCEC2048
00889BE4
026ADADC
FFB469A1
01E71FC4
FE50424A
FECCAFA2
FDB8A3A0
03A16DDF
024499B1
0456756D
02AFF3A6
0388B042
FEBAD1DC
FB9C0DC5
039A3D2D
0478F5FD
03B23ACC
03D159E1
01A416D5
049EDD28
FB376712
FF9A34B4
0137B4F6
0427D2CD
FCF2F621
024FE460
00FC917A
FB1EA6C8
006DE7C1
026F2C90
00701262
002A3305
01CCA75D
FD647806
0217628E
FD8D6003
FD13A267
FFA66A45
04B95147
03C785AF
03C84F3E
FE153E84
FFBD4EC8
FE8F9B1E
FC7AD541
FB1996D9
003C79D2
FFFFE016
03EB30E5
00DC1257
FE28CAF4
FDA46905
004412FB
00255A3A
FE7866C9
0045D407
FD8DE408
FF287D75
FB901B86
FFE53FAD
FD33320D
FB128551
01A491A0
FE6A05AC
0037D724
045CC63C
FDCF8CC4
FB9B55DA
FF27A2E1
036548D4
0256D39F
FE9FF44B
FFFB999A
FB2938B7
FEB219D3
FDAF671D
01AFD342
02902A32
FF5310B0
FFDEFD73
FCD1A408
FFF6EFBC
FDF65CB7
018EF376
FD25BBF5
FF3C6E80
FE05FDCE
040D49EA
FE1FDD2E
FDF5EFAB
04E774BC
013B8C4F
011BFB1A
04478C58
00669A5E
04DF11F8
FCB4B525
FB4E740D
047D5905
FE906090
FB2DA7C2
02F8BBF7
FC038931
FC195CD9
FF900547
00E72276
FF9A81CA
FF1AC757
006F407F
01E7DB89
002BEFA7
FF96748B
FDCAE7CB
010BAA08
FFA51505
FCB1F991
FD14759B
015AC516
03342F52
00086F9A
FB62561F
0068FF45
FB87A5B6
FFE91DC1
04763FA9
01FC2F17
FD2B5D9F
FF252FD6
0306D2EE
03D12EAD
03B07AAE
047C8A6C
FBE7E0F5
04EC7512
FF29917D
FFA5C769
FBBD7FF5
007251D9
FF0524E4
FB64070A
FC58EFCF
046AE5D0
009B5DE0
04C0A164
0361CAC6
00538AD8
02985F7C
FB110B03
00CE3EA7
FC936C93
03CBC3EE
040CFEA0
03F310A5
025ADA1A
0466DBC0
FB5F1843
FCC5E6EB
FD3A0768
0247AD02
FE9FABBB
FFBD964C
0206B677
FF8BD13D
04863015
FFDAAF65
FCFFF612
FB89DB86
0422F2E3
FFF3803F
0279AB26
FEFF36C1
022A63B2
01F3B8F4
0324A2C2
FCDAA310
FFC88048
008D0751
01CB9BF0
FCEF19AC
0394E260
0347F6C5
FBF5F241
03EA0EF7
012709E0
FD19F39F
014474FD
FBB1F48F
00F59C3A
019085DD
FB28A80D
FBE4E73F
FDE76DA7
FF84A78C
045DFA06
02B17660
FC922368
04ECDBEE
FB837012
0062E839
FEB2157D
FFF3F9D3
003F7019
FD4840F6
FF47B551
0370182B
FB3B130A
021FE19C
03AC962D
024AF879
FF733A92
FB5B5EA5
FE7D730A
FB83E7EB
04F76A0C
0217DED1
00D4ADDD
FB474A84
0279F1AE
FF8430E8
FDBA2E9B
01C5AF1F
FF8670CD
FD957CA5
04E14F71
01325848
FD0DA933
041A8DD2
01FB3992
FD7133A2
FE01B23E
FC4139F9
FCC81791
FE44D039
000C7B1C
FFC3B473
000E0581
FD9FABA5
00E7D305
FDEBBCC1
04A152E4
03DE828A
FF945195
FD1FC152
046A30C2
FBF12B1C
0412291D
FB5B99E6
01503070
FD90BF53
03CDE0F8
FDDDD529
03354B9E
04585F83
0487B745
FED6EA37
FD901ACD
008E636D
FBFD74C8
0110BE55
0302C400
04A11A02
FF01F1E8
FB066880
043DBC4E
FD96F864
04F20D65
FBCBFAED
01DD3C00
FD5019A5
00BBBB1E
0387834B
FCAE54F4
FECF74EE
FFF5F353
029EBD15
FB8F92D0
FCFCE42B
0470BE49
FB6DAFDC
FF42F7B0
FFC37CBE
FB29D2CC
FE6083BC
FF432CA7
FBB24AB9
FD79688F
0302B964
FFFDCF39
FBB22EE4
FE37BEB5
FEC4B951
FF729A18
FB0B5411
FFC323C8
FC1981C3
04BBC9D7
FCC4050A
03EE6BFE
FCD03281
00F04BF2
01DEC43E
0301CF8F
FFE1C9DE
FB581F1D
FF2E9010
FF57C3E4
047A7C67
0391252C
FED9662A
FC966358
04579F3E
FB6E8BEB
FDFA5F92
FF7773F9
FE03D3C7
FBD41FE7
FC5BC655
03F673AC
0016C4B3
FEF379D4
FB7B2255
FC10BBA3
03E17B3F
00FC8106
03583F0C
FB3C73F3
0427DD3C
0381AFFB
FF4B1F03
FEEC6FCF
010C2D6F
013AF439
FDDE7E64
FF2BC92C
FD8E5A47
04D9865D
FE2B5537
FE20BA0F
FF49F593
FC730029
FCDA19FF
0332ACBE
02D3992D
FD563DCE
00C00249
FF5B0374
FFC22CBE
FCC697CF
040C64C4
03A6F4DB
02F00802
000A9844
FEE082F8
FC15849F
040A8D94
FEB4BB45
0363204A
FF4BE05A
FCC22FD0
FB02FB40
04A6B6D4
019D01EE
0459F7B7
029717A8
FD0A92F1
FF2DD090
FCFD61E0
02BCAA4A
01DF17EF
04CB5106
03D6315F
FC803931
022E863B
0360F5B7
FDA0C519
028B8C62
015D0432
015D41D2
FEDF0BCE
FB6A3E88
01A12084
049B2161
FB2EAE7A
01661D95
FC36D0B9
FDFD31F1
FFE2C58E
FD8316F2
0158895A
FF0B8408
01F2E769
FC642171
0098A18A
FF01D9A2
FED24591
FB98A585
FED6F1B0
041261C7
FBB4A26B
0394853F
FCD21671
03BF89D9
FDA1389D
FD64F1A1
FF2726D9
FFDAC560
0019BBFE
04FDFCF8
011DE3D6
03BA0126
02952FBD
FFCC09EF
FE0086F5
03A6A64C
03103C9B
01890A4F
03A6DF64
02AFBFFF
03F68F75
FB54E7E3
0131580D
049F6353
FEB053DD
042EDE0E
FFE7207E
FD98CDFE
FF44F0C3
FD8D7AF1
FF186BB0
02D4BA76
FB32A826
FF603101
02EB2714
03B48D13
FE15A35D
03B0EDED
0307AB0E
036B7161
0284FD71
038B6C26
FC8E7337
042020F7
00E3A464
0318DD94
FE91221D
FB4A187E
01AEC3E2
FF4260DF
03F44FD6
FD8B81E3
FD7D8445
FE8D8F71
0090B882
FDD16618
FD3AAB17
002C2A48
FC0C3BBA
00E4DB47
FE3646FF
FDA2B447
FB2516F4
FD96D728
01732D99
0352B2D7
FD9B6870
019EC6D5
03523B35
FCE24D44
FE4B36FA
01E638D0
FD0A1C3C
FBB8823F
FB5E453F
FBA2CF3E
01497F47
FFCFCB23
FDC8089A
FF18EDAF
FF7EA6C6
04A1991B
00891F45
01DAAB63
FC96C1C8
01012913
03690664
FB8BB274
02F2E61D
021A9CC7
FF12D772
FFED567A
FC643BDF
00FBC6EB
021C975F
FCB3D434
FBC5548E
FBBDE314
00FDD0F0
020868B7
FE1AFFBF
FDF13912
02227D5B
022EE16E
FDDCA231
00D0C38B
FF230171
041A3657
FE65474F
FC137FAF
FF2D9951
FF267A0A
0278FED4
FBF202DD
04912978
FF2B2869
01337927
FCD1F1B6
00AC1B8F
00D27CE9
00653EA8
04547EE5
FDDCC19B
0392F7A8
041CA762
028B69BE
0020D66D
FFE5DF3E
02BB807B
04E89108
FC31E890
FDD400AE
02E18D16
038C5DD6
04E59E6A
FF401B6D
022B77E8
FEBC04C3
FD10A822
FBB0CA96
04089C40
FECEE364
FE5DBB22
04215AF9
01FB7B13
031722E2
04FA49E2
FD61A40D
FE038A68
02571047
FFFCBE97
04084BB7
FDAC835C
FE55901C
FDD6E03C
FB137CE4
FBA985DE
02DD91CA
FDC5802F
012F4561
019F0AF9
03AB99DF
0349A306
0262F47A
FB17FC3B
001E5678
FC552976
FE41853F
04CC6C00
04797C4B
FD9B2550
FFBF6993
04622B16
042563DE
03DCDC58
0168316A
FC962C67
01707D67
FE1924DE
0149C5D9
00183D91
02FC0356
04FD6695
FCED4D22
011C8821
0242F328
03AE3E6A
FCF719AD
0449C5E8
001EE7DC
00884E71
01B020B8
0149641B
0465F031
FEB80515
04BAE465
0372AB55
00A97251
FBDDA73C
0493CA45
FCE7A5A8
018DE6CC
03D443D8
FF563B8F
FC5263B2
008E5CF2
FBD90A9A
FB1BAFF9
029054A5
03D5E27B
FFA53ECF
FB1629B0
FB64B652
FCEA84ED
FF20DD84
000A4454
02A440F7
FDD73B18
0436BA8B
FB2ACE59
FE73F5F7
0259DD7A
FD0AC5A1
FF83D79E
FDBEAFBB
038F2BBE
FDA0599F
005C2CD3
013A72D5
0344BC91
02E85DBE
004E96EA
04539D14
FB01E418
01D44990
01225E5C
FFC05F2C
00A674FA
FF09AEDF
FD223752
FC99EB50
029CE4B9
FD2997F8
013FB6D9
FE9953E9
044CABDC
FBB27DA8
049AB421
FBE6FC67
035D42AB
FCE7C46F
00D8E635
FD070FE8
01C84E03
02BD57BC
02C46A69
0101CED7
FFF64D5A
041A327F
00613D51
0160F602
FCFD8AD9
039D3C5C
01FC9BC6
FE66C459
FE323452
FD5A58F8
FC028F87
FDFC6EE3
001E29F5
FFA02230
FB2367AB
FE6E0038
01C125EF
03B3586C
023D77B5
FEF17344
00FF2B15
01E012D5
00621E4A
033AAB60
04BAD668
002C58C8
FE7273BF
00C6AAF0
04574CF4
FF51DE90
FC39687E
0212A904
0487A359
01B2518B
009B7E64
044A1641
00EC4553
FD75CBC4
03B2542D
021ABF47
FFB11DFF
0422C351
FFD46FFA
FF0FFE80
FC26806F
FEBE2B2A
FC442607
0470DAF1
0206E4FB
047E5B07
005A7E3A
FE0EC743
FF0EB27B
00293407
0408132D
009A2653
FC6C31FA
FEE22333
FC7A7993
011D070D
00EBABA6
FDE22401
FE795078
FFF5D035
017E28AF
FCEBA076
FF289E6C
FD0F72CC
FE75575F
FC21A321
028A5A57
FE977FB7
FEEDCD66
FD135F86
00000756
022096C5
FE287502
FB575163
004DE9BC
027FB17D
0372398D
02792B02
FF4B93FB
03AE8187
FC2118B0
FF774F56
FE9F7199
024387BE
011F9D4C
FCD868BC
04C50F8F
FD8D4118
FC55CE68
FCB31863
02B20999
FBD56EBB
042D6216
0268168D
FFE22F12
FFEAAEDB
FE342907
FF7E9120
04D62C78
FBA46A80
FBA28A38
FC884B2F
0183045C
0389C359
FB93305C
FB95171C
02CB7BA5
FD114F76
04B33CEA
FD6D200A
01412D50
FB63C83E
02EAC15F
FF74F643
FD51945B
0053BD91
FBEF31E4
00149704
04AD80FF
0078580C
FB968191
012B7CFA
03F501D7
004663D1
FFE18840
0239125F
FB615196
FFFC45A8
FDD80AFC
FB739B56
FD992638
FF3814EA
FE70EC73
FEBD3C1F
FB4E4068
FD9240B3
FF602AD3
01567EA2
FE2520CE
FDD5E9E7
01BA5DCB
FD1BDE49
FE0C17D3
FC4AA456
048990F7
FBC2A20F
04BA01FB
044AF021
00564B1D
FDA5A372
FCF6AB4D
008C95E3
FB204017
FD122F1C
045DBEE2
03B66E8C
FEEF977F
FDD04B1F
04165FCD
FD0C047A
04917DD4
00BE7BF0
FD838FD6
FB099A83
03F6CA63
FB96CE84
FEBDB1B2
0401AA06
02A20E72
FFFF5EC6
04BC5C8D
FE057609
01397B61
FD4CD6FF
FB6A0A70
03A64B1B
FEF75CFF
02A9BF2F
FC745761
02956891
FC6CDFE4
FFAC051E
02A7F1D9
FF352B8C
018FDE79
FD0C8616
0419385D
FE4FF635
00FE9D06
FCF18EE3
04280F00
FFA22DF5
FDC03A11
FEB0661C
FF1049B9
037A7935
02A3EBF4
0402E29B
FE67BFC6
00EC3051
04F49440
FFAFA5F7
0471549C
FC1B1CE0
00B2F689
0147B28C
047F0A2D
03176E11
FF21F83E
02B6A073
010E7C70
FF40FC10
FEDFFA89
02A37B54
01A5544D
FD6CCBD4
014852EE
FF2A3623
FB76ED6A
FF8673A4
0109D2BB
FCE6FCC0
0238DB45
FD2FC1CC
03251FF4
FC9427DA
FC534E57
04A14E82
009A108A
038D74C4
FC9050AE
FB386812
FE25E51E
FF3DF846
048EAA7C
FF382670
000D3C24
FB51A2D7
04026841
00837974
FF5A3DFB
FF1B9860
FB2B4641
00534BF9
04C2C88D
0311614A
FDD373C3
0399A152
026BD111
037A228E
FD7CAB4B
FC4E31AD
FD487CBB
049A17CE
FEEE9B50
FCC43F09
00B9ED88
FDC195F3
01C5D3EB
FCA5D449
FF82A0D1
FBF75F0F
038AFFA1
FBD89C4D
008CB6B4
FEB3977F
03FDC58A
039CAFD1
FFA56CB7
02963A1B
045EF43A
FD2F4E6D
02975AB6
FCE0644E
FC029E0C
FFFE075D
005E2F62
FDAE6C83
FE64720E
FCB7E973
FDAA439B
02F41485
0031BADA
02E768D1
FBDC9026
0233F6D7
002774FF
0481642E
FB8F9D4F
FD324515
0007BBC3
FFB40739
0282599B
FC792E9C
01FE0F89
03CC26DD
00DE88BB
01411248
FE41BDCE
FF272602
0442D8CE
FF6078DD
FFD4A12E
0065B934
00C3C7BF
04239C8D
02C72113
FEA1CFB4
FC047C05
045A5582
01237889
048FD0B2
FB3BF957
035B337A
025FD9F4
FD6E11E2
01E93653
04A4DD0B
FEFC13A2
FB1C0D91
028E5B39
FD8A3F45
00B13813
006C3CC3
FCD52526
033A0C5D
046BA974
FD9077D6
FCD713CD
FE6A2745
FF0FF252
FE584CEA
FB052393
FCC9F2AC
FE66B1AF
FF9E49D2
FFF3E4E9
FC123562
FFC63872
014C3543
FFD90E59
03AAC3D9
047DED9A
FFFD7193
029EEC2E
FDB5B710
02D0872B
FC585EBF
FE9176CB
003FED10
FCCD6C02
03C580E3
02B9BB60
FE7DF5B9
0195EEA8
0477F656
032D2658
0458A697
FE76F63D
016AAA68
FC1BCC35
FF3648E2
04878205
00468A84
FE07FCC0
FCD6D2C4
013D1055
00B8E003
03053B05
FFE2DC97
018BEA3B
FEBB4ED8
042F7FA2
03681014
FF31C704
00185579
FB4A2219
02A25C69
FF8C6059
02C2AEDA
015BC78E
0088D670
010D8492
FCE8CB9E
0483E1EC
FE11AEE2
FE00B0F8
036B9AEF
FE1F5E57
FDACFD8F
01AEED5D
FD4F4F97
0241B874
FC0971F4
FDD07D38
01DDECF6
01D3ECA9
00F70190
FC96E1EB
01A882AA
FFFDB78C
03F4D2E9
03F6E25A
FBCA88BC
FBC9FB99
0229F6A7
FD1B26C2
04D605E9
FC2342A3
01F86EFE
00DE1C40
FDA98C96
04175C31
03FA80E4
0332B50A
FFF0E74A
FB8BD15F
03D88849
0049F2B2
011E3A96
FD6681DF
FD97B9F5
FCB4D7C9
FD50E60E
FD0C6421
00477996
FC306884
FFA91222
03F7A1D0
00B35CA0
FB641E89
FD6C1CEE
FB6B72E8
0354AB4F
04177E30
FFC34006
FC4C69D8
FCEFDB49
FD2B5F91
FE79D3E1
FC21BEE7
04A163F4
FE46287D
FC17FF1A
FE3FC7A9
038EDA49
02CDF591
FF04F64F
006A5B29
011D9F0C
FF4A1172
033F007C
FC2183C7
FF44895A
00AED7DC
0426E70B
FEAE987E
00F0BD69
FF139E6A
FB026DD6
034E6DD9
02BB63F4
FC95838C
FC59F347
FC333BF7
0197D7B3
FED60B7D
0351B266
FCD5F24A
FF96405B
045BC0FF
FEBC5C8E
FD388067
033EC113
FDB7569C
01AEE602
FC82D2B4
FE79CA69
03AF5B1E
04E8BEB8
FD0D44FB
FBDEEA77
FFA19A00
03C8148B
FD59373C
0100B4CD
FB63CD8E
02F49D41
FD86D89A
00032259
04A74F1C
FF648992
FCF147B9
03C6758B
FC4D004D
04FB80DC
FB539307
027D32C7
03F96B22
031B25B5
FE0EE30F
000E58E4
01C94E62
0267F6B9
FB5394FF
FD516516
FE50B15B
FB3684CB
020049C0
FCF2D6DA
FD542BC3
004FC1F4
00E3993F
01C93454
FBFA855E
04F58569
FB3EA837
FFA559F6
02674666
FD2FBFEA
FF6827FA
FDB0139C
FF46D74B
FE0F70C9
04C9438C
FF0CCAB1
FD23A3DF
01A281CC
0352E21B
FB912576
FCE17054
045E4007
FF844F9F
020A9BF1
030B5F60
015CCEAD
FF6E14CD
FC66C961
FBE1BF70
FDDFC8E2
03A066CF
FECDCCC4
FEE5F916
FB840D83
FE659335
0293677D
02083D16
009CDD95
02C63B44
00F99C1A
FE58017F
FBF90BB6
01C014B7
00FF3321
02C42C76
FC93EB80
FC050F9E
FFC2B1B3
000F1D7F
04E46EA2
037025C6
04419C2F
0076710B
FB92E0C6
04A65DDC
03F09E3D
FC98417B
FB5C3027
FE65AE2F
FF387991
FE67C54B
FBC1F1F3
FF756022
0376C224
016AB5F6
FED3F28D
FC86A329
FF713299
FFCAFC89
FDB50A07
FB677362
FFB354BF
00191F61
FE5AC461
038111FF
FDD66B53
FB52733E
03F83A54
FE91737D
FE56C549
FEDE033A
FBB5A76E
FCFA85FD
FDE3E773
FD9E370B
FE822384
03020ECC
FE35111B
FE0E3696
FC0819B6
049ED12E
FDEDEFEE
FC59F254
FE097553
011E4FE2
03277971
01A15C47
02768BDD
034CC1B7
039EA18A
FFC7272E
0277820E
FBBC6C24
FB8AB6DA
FFB158FC
FCFE2111
FB8EA0C4
04679566
021031C8
01EF96F7
00E387BD
FE4C8FC4
039F650F
FFBAD5DA
FEBD645D
FD820F19
FEE0E7EC
01F37649
FE1B0433
005A3309
FDD606E3
FDC7349F
FDD00BD2
03562322
04FB5AEF
FE1475AA
FFB6614C
FCFE73EF
FCF79148
FDFF6CDC
029CC39C
016B39AA
FE5731C4
03794B33
FB7583F8
FDBFFF6B
00E28C36
FB240FFB
02ECB664
FFEA00CE
023D5BE3
FCB4227C
FFF3F827
FC5CD13D
FC44EECC
FB4BDDAC
FEAC5678
039E4E56
FF0ED710
FDDBCF1B
026C490E
04C453D1
04549A84
FC61AEE0
0023EE51
FF97B525
032DBAEF
0154F731
FC195280
03117BB5
037EA1E9
01070CF9
FFAB7B42
0034351F
FEADFD62
FC867D3E
0037652D
FCEDDB09
00605993
FC9FFCD1
01C8A1A2
FFD47247
FFCC24D7
FC4BA35A
FDEA70DB
FF967AE5
02C79BD6
FE1BB296
FEDB3C10
0210ACEA
0144C093
0313BDC2
038778A7
04503337
02ED61B9
FBD868A9
FE60112F
043A27C3
FFA13EF6
0073EF23
FBB546F7
FE830501
0239BFFC
FC5E78A2
FF5B281E
FF928B10
FBED81E8
FB9EA57E
04A87541
04CE8E8F
00A8D2A2
FE881DAD
FD1106D5
03E8107E
FF96EF27
FB3CCE27
01F04A79
FFFA58B8
FD1B030A
041B55AC
04240E35
FE768156
04EB1DC3
FB1E764C
03EBB78B
013A608F
0109755F
FCC75962
FF1E6566
010897B9
00749ED3
FBBF09D3
FC8A7BBC
029E228B
02EBCBBE
FF561F3E
00E35D83
FB8C3EAB
0018FCEB
00B31FBB
FFD29F73
01DC2464
FD759D43
00050A1C
FD2B5CB7
009FF5BF
FF5F2FC4
FD800A35
02705D42
03CE128D
03B882C5
FB2C6113
01382BDF
FF581633
FB5E0754
FFF79D6C
FE6D4540
FDF19E19
03137FB7
FBA5DC89
00B7B5F1
0312DF8C
FD83D2BE
011E5123
00F6AD97
FC0E775A
FF207F3F
04DC38E4
00FAF567
FE4918DC
00D3322F
FFF7AE7B
FEC218AD
00166780
FE2FCDF8
FD905885
01952CD2
00B98267
FF941EE9
01FE61AB
FCE13DB7
FF75A795
02C6358E
FFF3E71A
FC7FFA80
02FCB737
0428CAB0
FFCC95F6
04459747
01FF70C8
01AAADC6
FB524863
FC89FCA5
FC01A5BB
01A746A3
00BC37D7
FD7331B8
019D3766
FB3C3CF2
FBF6A630
0350B5CD
00647B3B
00CEFEDF
0404D51A
FDEB1A03
FBADE4AE
048297A5
047C842A
FF75F0DF
04335664
029D2AA1
00D4BBD0
00BE5B98
001AFD93
033BAEA3
02FCCA47
FC7BF63A
04807F27
FDD61643
0228E8D3
FCB9C077
FE26AB62
03B1D636
04B9FDBF
FF873EAF
FC42089B
03503DD9
006D680C
FEBF3228
FB2D2694
0043F4D2
FD91B665
02A26A8B
FFC7668F
FE15CC46
FC27B490
04C683A8
FE85C0D4
FBC61071
FDBDBDBA
03124209
FF39C2C9
04A33B49
04C81E4D
01198887
00C734A2
FF17CDDC
FF402447
FEB6BE3A
045C5772
03FBE109
01E68B8A
FD3E4350
004993DD
FB89CE6C
FE034CFE
03785871
0045CE65
013E4DE8
047A1F62
001A6935
03A52CC5
FB2BCEFF
FBEECBCE
FDCA8A0B
FF448E1D
015E7E96
02598756
0154F422
FDD725C2
FC0C134D
00D65902
FF09FE88
FF78F723
03D925AD
021934A5
00C0B026
018A9E4E
FF610FC4
FD587727
04BE6DC0
FFEE6E70
00CED9E2
032F6E2C
FCB4BEF2
022009FE
000C1B1E
00B9E9B2
006ADD33
0014EB11
FCD9C4D4
FD6CA4C2
04DC117B
FD3ED147
FF6573DD
FE3D8213
FD57E861
03E0C2AA
000CB1CA
00C0A57A
0139F7B9
FC3AEBE5
FC224568
FF898B8D
FEB1DC37
FD8AFEF8
0375CC61
044ECE9A
FEE89699
04BE9792
04EFC9BB
043F866D
FC15045E
FD205FF8
02FFBE3E
024BEEAA
FF6A2E3E
01F402D1
FCE41FF1
029BE088
0238507D
FE0E7CC7
027CDE5D
FCCF1FF5
02147AD6
015C75F2
00EB2A0E
04D261F3
02C2861F
FEDC0F8C
04B9DBF5
FCFB0D1C
FD87068D
FEED32DB
03A84466
FC2DB670
FE021E84
03336BBE
00E902A5
028366E8
FC86FBC1
02031ED7
FCBC0DD7
03B2F5C2
FDDD0EFF
FD80502F
005CB9A3
01F33539
04B58505
FE37E99A
040A2979
FEC40FD5
FD9D4116
FB5C641F
048CF426
FFD2F83E
FED154F9
FD3152E6
0096F04A
FB54A452
013EA084
00D24EDD
FFE4251C
FE3C0FD5
009185FF
04EE688D
FD5E529F
FB6AE640
00958465
FC22F7BE
FC3DF0CD
034D0DA2
0053A5AA
FE27AA35
0476563A
02E91BE1
00B06689
045D399D
00B7F1FA
FBB1C156
FBBB6211
04B1AC6D
0438D1D7
FD5452D9
FCE8640F
FFA6A81E
FEF7B39D
FE988CEE
03DE4ABB
04452CDB
FEF55870
FBFD0B43
FC83E073
0353735D
FE63658E
FC1C4E59
03767FA7
01815B5F
0215B8C5
FCB3063F
FE9F96E5
03B2210D
04F6E48A
FF493A6D
02843B0C
03104CA4
FE023478
0029A996
04DDC519
021741C6
04E12FA7
033059DA
FE7AD968
FF44D9B2
003FBB0A
FEBA0766
FE782289
FBD1A7A1
FC5DCEBA
024BD8AD
00277594
FB4E8154
02F043B7
031F55B7
00837C09
01B6C6A6
FBEBC617
FF829AE7
FC8D9621
0262C3DD
00C17373
FFF08841
FD64BE34
00E9B965
FBD82C4E
FE1921D8
01F55B9D
00E9DA3A
FFC09DE8
FD564B06
FFA4E5F2
0293198B
004057E9
03BE861D
031773C6
FB17A02B
042ADF43
01811144
0157F654
FD95CFC7
FCE221E0
00C2AD91
FCE718E2
029B315B
03CC028A
FFF7C066
038D6155
FD391BDD
FE7E3114
01E2FE5E
FBED2D45
00C1842D
0114F918
01E0E8CE
0346EC2A
04618752
047ABBA9
031C5C1D
FC0D3F5F
01AAABD8
04E1B9EA
0299C234
FD97034C
FDBAC6F5
0239FA21
FDB61E23
FBBA930C
FE855A6C
FDFAF551
00B36F30
04EEB97E
00843009
FC8BC835
FD44B3CC
007D473C
040A7EE8
FC29216D
FF36BC9A
0323A112
0159A53C
0264181B
FF135803
03EACD3A
014738D2
FFE4F508
001084A4
0253A376
FDE56D26
FBCB64F2
04574826
01D527B0
FDC10509
FC87AD48
FBED78D6
04FC8146
FFC9C7F6
0255136B
01883259
011CE370
01CE1D22
FDEB3744
FB1AF342
04BD719B
FB47B764
0130BB18
003602BC
02A47A44
04120EAF
00B3765E
005DD426
008B19F7
FD5BCEFB
FF191873
FB9A81A0
FE585E59
035AB9EA
FB8D644B
021D37DA
00A4D765
04BE3F36
00145389
FEE3F431
FFE6934B
FE88353C
04EEF79C
FCB57D42
04C0D222
FDA56C80
01013C91
0035EDB6
FC0A9B91
01011B6C
04608D84
FC0075ED
FB5B2740
FEA4A076
02657E8F
FFFDE24D
FEE54495
FC26CC6E
FB7B9F86
0297667C
FD2AA73F
FC709BD1
04C94A27
FE4A5116
00E58839
0350EB16
02D35980
00FC5C9D
FF421AF8
FD937EAE
0362237A
FD3BBB8C
FFA3E42E
FEDAF624
FB6BBF2E
001A276C
FB68865F
FB81AE0C
FDB21377
FC3B6A51
FCA77B0A
04A7218B
0291947B
FD75DFA8
FDDAA4D2
02B9F6A1
FFD112B4
FFEDEE3B
03C84C94
03AC03E3
003CFA0A
00AE91F4
0169A1DB
00C71A90
04E1671C
FF9DF0C9
FF4DBF19
FC1BEA6F
FE2F6D42
015F0954
FCAB91DB
0322349A
033E9080
0084967D
FE70E6D8
FDB74909
FEEE38E9
FDFE96C0
FC9081E8
FCE548C9
001FEE4A
015470FA
FEF5A7EF
01724C72
0481FB0E
0140A347
FBD8E427
FF41A80A
00E24830
FCF2AC47
FCCC307E
0127AD95
00E6C579
016F6094
0396B051
FFC1E44D
00BDEA3B
FBC25D22
FE358964
00485B80
02BDFB08
01E7B9FD
FCDFC2BE
010DBD84
FD5F95EB
FC6141CE
0399F072
0304C944
008E97B7
FC5443D7
FC44B30C
02A0CAC9
FF5614F4
FF55B4A0
0035D905
04F4427A
0326363D
FDCA25F1
031C0B94
FEADFBA8
03527D12
00B592B4
FE7B5E1B
FDD07A8C
0322CE67
FBE445C5
FEA13D3E
00E70F94
00A8C46A
FE1F1E99
020284D3
FCABF8CE
FC15E022
FED5BCFC
FE9B6107
FEA40CCF
FFAED7F1
01F856BD
FEF8D10C
023AECDB
04E56B89
FE3444C8
FC23C4D4
FEC87D7F
FE1827F8
037C0551
02971A15
02EDE51A
02267F11
FDE4037A
035739A3
00C9523F
01F6456D
FD7A5395
FDB83493
01D5944E
0208CE07
FF82A67C
FD928208
FE98D05F
02672272
01C13970
0442B792
FEB07BAE
015A14CD
032FABD0
04DB9FC0
FEF376AC
FEA91A68
04120FEF
FC207D0C
FF8D1E01
FC090ED7
027733C1
0025236F
FE93DBB6
FFDDE01F
015414D0
01DD90AE
04409826
04B8D9D3
02BE6CDF
01A250A1
003C053B
FC231FC5
FD00048E
FD2968C8
FB3FB66D
FCAD9066
03E2404F
01E43159
0092D1DB
02E2A0A4
FB56B1F0
007A6AC1
03AA9827
FC2F25E9
FC75F9EA
FE7D4B90
032E475F
03500940
026BE6B2
0468B423
FDA866B0
FBACB5F9
FCBF3B54
01692039
FF924D4E
0159BD35
FDB70134
04C3039C
FC45457F
FCDD8D75
FD2CF526
FF104B33
012C61D8
FE98733F
03FA9487
FBA491D7
02E97A68
FF9FAF1B
033F3691
FD2A4D47
02A489E8
00AFB5E9
FDF8EC28
FD1CB040
0217A7C8
04283898
0072400E
04A0E06D
04D11725
FC198247
FFE42A46
FEC11380
023E7D03
FDC197DB
FDD750F6
FD889EBB
00186C94
FBCD4E4A
03F99C3A
FC9AE99C
FBCCD49A
015D58A8
FD403870
020D3C8B
038FDFBE
04B8D293
FD55E88F
FFDB2700
FD06E35F
FF2E0F05
0098F097
01FF30A7
00155330
FBF0BFF4
0335350A
FFF4E172
0394B8B3
0110E06E
FC9CBEC6
FDB4BA16
00FB2F88
FE8104C0
FF16725D
FE5523E5
01A2A629
FF19E254
0183E295
014638AE
00500A3C
FEB73F44
00C53FB6
0389F331
FD8319BC
FFE98499
0152A3D8
FCDF1320
FB641884
FF9B7CF8
FCE22479
FB8B2DEE
FD84D780
009B2623
03585C06
FE48D8BF
FD864F0E
0064C686
FCBAF41F
02183335
FD863FB3
041F28F3
03C543BD
FB6568BE
FC807B9A
FE25E5F4
01CCE9DD
03B451DC
FCEDDF0A
FC85E227
00106E1E
04041D49
01007B45
045A7C7A
0113541B
0017F77E
FE3E298C
00EFECFA
028B84B3
032974AF
FD828B66
FFDD4DDF
01A85B5B
FF7F772D
013ADA23
00032D69
01D59690
04D388DA
FB138F7F
04AA3892
004A688C
038D47BF
033883ED
FFBBDB3F
0390F0A5
FCB16788
FF4B39C9
0050CCC0
04BB35A8
00EB431D
000102FE
04E14482
02F9005F
FE240A88
03389450
FC89FA38
02BFF68B
FE245744
FEE074B4
FB38BA8A
FB39C055
FBB392C3
FF886D0E
04B3CAA6
032CE7BA
03D71413
0085D3AB
FCC73AD6
FCA1F170
03FB2DF6
FB22E54C
FF0B901C
02A2461B
030EFD42
FDDEF007
FC7B674C
02A2DDDC
022AD4C7
FB0FC038
FD446BB5
03668861
00F4B0DD
04A12410
01C69541
FDA0B727
FE283434
FEB2CC6C
FF3EDD24
FFBAF5CD
0411AC7E
FE8C2D0F
FDF12D44
01883181
03C7672E
FE232675
02FCFA8B
030A5BC1
03869035
FEE1C06C
03577190
FDE8B0F3
FCE62498
FEAC6F87
0339A47E
FC4B4C24
FC06A317
FC5023E9
038BB478
FBFC537B
FD9D587D
03B73D3B
FB25E722
FD9C26BB
FD36C90F
00096288
01E90E60
FC6DCC83
032601FE
FBD9008C
02B12FF2
036FB0AE
FCD09A92
00E28CBA
FECB3BCD
FEFF8BA9
042B6484
FEA49D56
017D964A
032FE71F
FD1188A2
01BBD26B
00F2252C
036ACC16
FEF29756
00287064
0498EDB2
FDACC9B1
FF655C7F
FEDEC6AD
FF382170
FEA65034
01800285
043B169B
FDCFCD45
FFD0A42B
FE8416AC
0494AC99
02C304B5
03A5E610
0114B51B
FB36D25D
03A742AA
04CE9D13
032EF8EF
FC8574D1
FBE603F9
042F488F
FDCB5E54
FD01B422
018A9FFC
FC9E8B26
03927251
005AB4ED
FBAFC1BF
FFE240B7
0411795E
025E6BA6
026E18B6
033DDD73
FDB50248
03080224
020DDA87
FB9DB275
02EF5908
02E79EA6
01591260
FF7E96C6
00F210F4
FB975132
FB5714C3
0412D574
02EEBE2C
0425C867
FCB8A31A
00950408
032D00F9
FC2A1CD8
02D89733
03B369FA
0323A627
0016DAC3
0188DD4F
0036472E
FD4BE45B
00BFA54A
015F3AB2
FFE935DE
035CE48B
FE29D756
FBDBECBB
FBAD9D3D
FF52D785
FC5B3F15
04062D40
FC83C2AD
FE2F3AA3
00A3D7A8
04777BF2
017682F0
007AF907
FC227E19
037E2BD7
FC26C685
028F90AD
FEFB15CC
FC5F5CCD
01502754
FD97175A
03CFA391
036F3C7F
00361562
FCD2F7FF
02932CCA
01D0A0EB
FDFAB803
00799382
02672AEE
0047ED42
02C40366
FFFAC034
03DCE686
02948B50
00B88047
00BCBE16
03F995A1
04855E80
00A27F0D
005CD84C
FDB1124F
04713B9C
037F607D
FD1F6282
0328B30E
FFF2EBB4
FEC58709
FC34F8AA
00EAEEDD
0221C00B
FB18B0E9
FCF2DD30
FF14B170
01F701E2
FB9DCD2B
FFA617F3
0363672B
FD0E5FC0
FC9FF592
FF8BE409
FB54F8C1
025EF450
FDE7C270
01876B23
00FD194C
FB34C946
FC46E3B7
FC23798C
FF2416F1
FE18151E
FB2A97CD
FC5873A3
FD321605
01B6107B
FFFA5E26
042ADE36
04A5A088
04C45A30
005BE3C9
FCAEB2B9
0471608E
00C2AD8E
03267905
FDE5D103
0354C1BA
FBD42E74
FEFC7ED8
FB1E55F5
FE7BD91C
0447F676
FC3B077A
FD56C093
FD78271C
FD3C0984
040F5E74
04D0A608
FEF71DB0
FEA99908
FB439696
043B0D02
FC98A9DC
FD51A67B
033CCC2E
FB9FD269
FBBBF294
03C3E245
03648623
FEB70DF8
FC8091CD
00F039F2
01C53A67
FCEE7423
0009851B
01055491
FF2DFFEA
FE46DFC9
FD734469
FCF695DC
FE587DE4
FBB5443C
043A7396
03FEC1FE
FE2E0ED3
FE53248D
FB8C0701
FD13D61B
FC938761
02444C30
FEB2421A
FC88036C
029008F4
0047D728
044881FD
04FFF4E7
038500D0
00B9A214
0210ABE4
04951E5C
026BBE9E
FFDE9DDE
00C969E8
FB939B4A
00591141
FB72FA04
FD5855A7
FD3A26E0
036E72CC
FB9C97D1
01405D5D
FBA699B9
FD0E8062
FB486BF3
012FE552
FDF01324
01766826
00C8E242
FD927BB4
FE01D14A
03A676FB
03262596
FF2FE503
026C9D34
0283E10F
FCADD79D
FFD554DF
FC0FDC21
FEE9780D
0031E915
0452EB49
00B81977
FC93DEF2
04C05586
FC18422D
FF4601E1
039CB157
021198AA
FB29D18D
FBE45B7B
04EC0468
00EEB39C
FB5077FB
FD9105A0
045705C1
03716287
FF56BD1A
FCC4647B
007E9FE4
03828139
FC0E3CBA
FB704105
049281F6
FF880298
FFF7CDF5
014E70EE
0416F04D
FB674A87
035F01F5
047AC3A7
FD77318F
FF80C8E6
012AA407
FDF1522B
FD6472CC
FCE8DC87
00A94C54
03D0987C
FB126AC7
FFF2D040
FCFCAD7B
FDCC907D
013EE017
00D83301
FDE3DC7A
FD5CDADC
020BB89A
033B2913
03B1AE81
00464E32
02C0665A
FCB07AA7
007370BA
00AD0FD3
015AC4C2
FDB16A56
01D2580D
015D73A1
FEE4798A
FCBEEF5B
FEC3DDCF
012189C0
FE0981B9
FBE125C5
FD36040B
FD4FD754
FB3CF75B
0414AEB2
FCBC2067
040D9EAD
01FFEFD0
FC1929FD
FB56DE68
04D3B18B
FBA19AAD
03A67AF4
FD968F83
FB056C84
023E4D7B
009CBDC1
03CAE2F4
FFD5F01B
044821FE
043F16EC
FBDC2A97
02081EE6
0369DBB9
03373978
03BC3947
012EF9BF
FC6E5840
FBEBD414
FC0C2F0F
FF663DB5
03C23B45
03C819A2
FD835DAE
01CA03FA
047EF5DD
FEDA67FC
FB6316DE
FDC714AA
004BF757
0333B9CE
FE63B8C3
00CD6AFF
FE6CA765
0109F117
FC8BE752
FBB0863B
0279AE46
FB260620
0129B962
FE57065D
FCE37639
FDA99FDB
00F08893
01F91415
029ABE8F
03AFCECB
FB714442
FD839135
FEFB4E52
FE6212A9
047DF998
FE462575
FC0442E9
FEEB724C
0152B2DC
FE246AA4
FE282115
04E87EE6
028A9236
FDBB3AA6
02D308C0
FB1EE332
FC9D240D
0298B973
FF82C1E9
FF866E82
00CD844C
033E5BD8
FC6E9BB0
0169F9D6
FD8C5CFA
04CA5B16
01A89345
026F23F6
042D8A39
02759B3B
FE328379
FE577269
00AAD2C1
FDF100F8
043426FE
FB5CCAAF
FC383158
FF833D06
0252960F
FD985A93
0058B759
02637EB0
03B66181
FE6DED87
FC63BF77
FCC42360
FC2B2B66
03B3F076
00CCAF28
01BA7318
009B6739
010AA5F2
FBC9274C
FED9A5D1
002AF91B
FB6654A3
FF075B80
048A21D2
FD7ECD3A
00067A62
FD24C44B
FEE43CE3
FC0CB30E
0246663C
FB75CC69
FF286CE9
03BEB0A2
004CCE7A
FF47E912
FCC93AE2
025897DA
01EC15E6
00E04257
00B621CC
FF5C9667
FE9D2DAF
008FF72F
029576DF
03447F16
03734C4D
FE232E69
FDB52E73
036FF540
02DEF61F
021DDE12
FC081004
FBC089C6
FBAD6EFA
FD70B284
00DF6441
04F42979
02CC8E99
0471C805
FC7F67E5
01D03A90
011D7AEE
FC1CA7D2
FE1DA91F
FC0175ED
01F1FBB5
00402617
FDCA789A
000E6AF5
FD7BF50F
FF36B541
00540807
FFEE2D2C
FBC57269
FDCD7A4C
01362C95
FB679895
042AAF20
0334CE5D
FEA448B4
046509E4
FCFAC268
FB554185
04830E51
FD3E33A2
00ED37E2
FC63A9B6
0312ADA7
0211A4D5
FECAECD6
FF83C440
022E1512
FCE87D1E
038409E5
FE9B9887
016D8027
03B1F8F5
014C5D14
00B0C61D
045CBA4B
013050EB
FC6BF837
01F63A6D
00DF6DC9
04A75A18
03803910
042DA8AF
01911016
01B2ABC6
0213B7FB
02982044
FCAD6CFF
010EA4DC
029364B8
FF488E6D
FEA0473C
FB825CB3
01CEDEC1
FB155CFB
01BCEC79
0086447E
FBBA1419
FE20E50B
FE56B906
040BDD85
FEE13B90
FED9CEF3
FD035EFD
04B924CB
FF683BE1
04358770
FF55C3D8
013D4353
028052BE
01D1760D
04DE08FF
FE8483A6
04ECFED3
FFD4ADBF
03A6FB50
0215BD4C
03BC9986
FF0D66F2
FEE18E5D
028F012C
FCC10263
01D61B73
016E9C15
016F4A73
FF12BF33
02BDB211
FE85333A
FC9E08D5
FE43EFAF
FE08295D
FCF45B47
FF9D5248
FE570342
FB1B3C94
FBB8026E
FBA5E5E3
042E40CF
FD02FB90
04F0ABE6
FDCFE166
03F04B66
01E44B35
021FB5D3
FD4C1B1A
04EFEF04
FE02F9EF
016FBA4C
0418E1E0
FCB33183
FB4EF0EF
00253E8C
008C5A10
0148DC80
FE1DED1C
FB9073FB
0031A879
FC8BA255
FBE30238
FCF5CE6B
FD188779
036B582D
FE0DA35A
FF39498C
04CF2878
01E47AB5
0454FD91
FF2E409A
FB10AD59
FCB42E6D
FCA34726
03B26891
FFCA3DC7
020009D2
04CBF761
FB8D911E
00A882C4
FF4CA091
00A832CA
FD93D84D
012921DA
FD907FF7
FDC76D70
FDDD98FA
FF6620AD
FFFDBBE3
FB9141D1
00204C0B
FCEDB697
FBF4E6B3
0261E922
019FDB62
FBF4B505
FC9524A9
0271CD1F
FC85B842
FD4B20A5
FD6BB89A
016A83EB
FB780DCD
FC9BB903
00630F93
00BCE70D
0212A2B2
04497DE1
FB5FBA0A
04EECB1E
FF886E3A
FD874AF3
FBE0AABC
FC753952
03BF2597
01539016
02972F1E
FFF66879
003BEDC4
034F9138
049FC115
04C09B76
FFD964A1
FE88A343
04061D5B
FBAD44D5
FBEE2607
FBD762CD
04C7F195
FB499B6D
0255F817
FF808F7F
01E6D8F9
FD1CBC67
044B5A6E
FF6B65A2
FFAA1488
FCDC370C
0226D07D
FCC95AAE
019F8D2A
03175178
035367B4
00229093
FCDF7D6D
04B93D0A
FF7FAD84
0135BC86
FDE7AE7A
FE90BBCE
04DB3AEA
FD8B890C
01CEDC31
01168F4D
041DEBE2
00652FF8
FDD12F93
024B2E70
02ACD599
01DF0A5F
00DB1F2B
FBCB2EA2
0150F470
FE97A54F
FB93981A
FF37C82D
00290105
0365C133
0306CF6E
FF6BE1E0
FF63FEA1
008F8F1B
04D41F6B
0202044D
03F1D49E
FD0B3686
FF871E2B
FF4E64C3
FF42949E
FE8CE58C
0456891D
FED9DF8A
FCCDF32C
02F29560
01E30F82
034650D7
02AEE515
0448EA03
00F1D59E
021033FF
009ABBA7
02FE4555
0146058A
FFA5CFFC
FCF9DC28
FBFA2BC9
01F9687E
FE6C357A
FD8F954B
FF0D2C1E
02587F3A
FD814EC5
FF6CD1F4
FECA7F05
FD801D25
FF92733E
FC8091F5
FB9BAD44
FE50DF9B
FED72693
028CB09B
FF3F8019
00838805
0113D711
FE47500F
FFB639C5
FBB38E1A
FC276571
01F1AFC7
000BF181
038A4266
FE808AED
02762609
008A7A17
FF605FFE
02AA17F2
FDBC336F
FE3C76A3
FB50116A
0204D89E
020B793A
0062326C
FEED47B4
FED4A3AB
FD458676
FEF11053
FD4E24A0
0070EBF6
FFD5CFA3
FFD8146C
00D9584D
045CD5FB
00EFEFAB
0348B54A
01DA4D1C
FEA335F3
00002789
01C500AB
FD7F6465
FB544F33
04780639
04F43A9F
FF70D640
FE020D1A
FD265436
03CB9A46
FC5DE2D4
FC77B384
FEBB6962
FBC46869
04EE9106
034C5AB6
03CA2840
FC6F84E2
FE657574
045E32C0
FCF1D382
021FAEDE
0400FD4F
0040788D
FBB5233C
FFADA719
03BDEDBB
FD27456C
FD0746C1
FE6B682A
00304516
FFE900E7
FBB50E1E
FF2EB65F
0338B757
FB4C59BA
0412FB4C
FC94625E
01E8B8A9
01EB3B67
024807F5
048A783A
FBD4C421
03574779
FDF8258B
03C4909C
004AFD30
03166BFB
FD882763
00849821
FC26DD13
03F4B2B6
FCE2B17B
015F75BE
FE24534E
FBB6BA0F
02E89793
04EDD775
01746536
01492065
FF0A4229
FE81E10F
FF7A1876
02136D78
FF1E8A2E
FFD045B3
FC0091D4
0163E48C
00FB7704
045639DA
007CDB89
FCB9342F
01E42B3B
01D7BDC0
FB11C21E
021D8383
011A0EBF
04FC4FB2
FED78A25
047A9A5D
00D8C7FD
FD998123
FC9CB223
FFEFD763
013064F7
FDEE4C4F
003009BE
0023F3B5
03DC518A
00D89A6A
044A16B4
01C03DB8
FDFD9A4D
02F98E08
028F3A6C
04069681
0373F04A
030F957F
FF7957C0
043970B0
03C0AD5E
FBFD3F1E
03CA018D
036ACCD0
FFE34459
FC054F06
007B19D9
010DE00C
0121BA40
02BA1488
FB458294
029138D6
FC235E4E
01EDEE54
FDC6E758
FB699870
FFDEC59A
FC64C5DC
04114A24
047FB0C9
FF3DA94B
FEDC828C
036CE913
FB73C74C
02F420DF
FBFE2578
0389D981
02ED5042
FF82CE4F
011CF464
FC61A001
FEA23FBE
0131648D
049D76CB
FDEED542
012772D7
001C5F54
FF142A7E
026A7F72
FBB85E8F
0488F4E6
FCD8894B
03370C7B
FFDAC9DD
01C0A2A0
01952074
00959A25
028DC42A
00DC1B63
FF509F34
FD9C2144
FFEE6177
009483A6
00C932D7
006C61D6
FF5DEBFE
FD1DC2E8
FC4A27D1
FBA10E5B
FB1F9693
FC1673E9
04B35748
00523F88
FF98BC34
031213CC
FC6FD370
FD57D319
00131A9F
02A3478C
FF5996EE
FCDBA1AD
FB206203
FBC09241
FD50DB7E
FC4EE4D7
FFAE1064
FB52C4E7
009968BA
FC2B03F7
02AFC9D3
040CCB87
00781C6C
FD1063DB
FC62F2D3
FF6EFB2F
FBF80E2D
FDE01D1E
02DE81BC
0373BE0D
047481AB
02C5BA25
03D0450A
00868054
035CB370
02998140
04096CA4
FEA4B5D1
FD6BAB8D
007C42FC
FDB7DE07
02A32966
02D9E27F
FF334380
FE6588CF
FE30B32F
03C52697
FF5B852D
FF091BA7
0401D7E8
00E95716
03631EB0
04C197FA
FCB09D9B
FB8BDC17
0057F09C
0197FFFA
FEDDDA11
FDFE9002
025C2D0D
03573804
023A17A6
FDB7E551
FEAC40C1
FCC128B4
00751DAE
FEC9A0A7
04A1DA10
FDEC764E
FD753399
03222C14
049D891B
02FBB8EF
02E3715B
0468B5A6
015A2CB3
FD0499E6
03A07237
040081B1
02694495
013F4822
FBD6DC0D
02C4EDF9
04DDBB20
036A3D11
FF05F532
FF39E54C
FE448887
FF3ECD5D
FB3648E5
0468C248
001E09A0
FB678104
FD53AADD
FFD95F2B
FC30F98F
04AECEC2
01EDA79F
FBEE7315
FD72E139
FBEA1A0C
04EEF0D7
03453DCA
00BD1E9C
FDB99F9E
0485AED1
007C0CE5
02D884A9
FFF9A151
FE94A075
048333A1
FC48DF83
FE7D6768
01640BDA
FDB0967A
032114FC
03D313CC
02E593E2
FDC4F3B5
04995BD8
FFCE7AE7
FEF9725D
FC02780E
FFB17095
025AA952
FF775B38
FE879226
04DB25A7
FC0D2ECE
026EAFDF
FE2EF428
FDB7B800
FE04B954
042BF907
0468C82C
04C8252E
FFB7AE13
FE4D0320
FD1D778F
04C29681
0038D0DF
04981D9B
FEA9082C
FECF88DC
FB9D78D7
021B919C
00A1EB41
03890B4D
FCF942B7
FDFA5674
0098D83A
FEE60215
FDFDB34B
02E8BBA7
FCC6F6E8
FC34AFD1
04DB65FF
04421191
04E5ED26
0044D8AC
01C7280A
FFAE4AE4
FD406C92
FF8D893E
FB44AD4E
02B639EC
01742B2D
FDA71CCD
FE34F4F4
04905548
01AF1FBB
043ADE71
FDDD1333
FF4228A9
004B8B2E
FC88B272
0238A061
FCBBF76B
00623284
FC92CD14
02439449
FBFD0BB2
FC2C0CA3
FC4B51EA
FBF66F4B
0097BEC7
FCBF3CE5
02ADA9EF
04933ACD
01F6E87A
FD2CF5CD
FE8A3D60
04CCC2DA
0244723D
FEAFE847
04947D76
0420F560
043B553D
FB628846
FBE400BA
04767D56
FD509637
0451F687
0015A0B8
FD85981D
01FE33E1
FB89F0D2
030069A0
FDA80C94
FC20FBB2
01E7862E
FD15F28C
FD7E6474
01A7C1C2
04394CCD
024DDD1B
FF0BBC24
FF1D6468
044B00A9
FECC8A71
FD3DAE74
FBD9BFA0
FDA2C1C6
0245FA18
01768E51
FDBE1124
026D2570
FC5D8892
00D0832B
FCFF9ABC
0375E221
FD42F29B
FB962EC0
01455E95
FE116498
FC7F7F28
FC050B76
03934ACE
029F4221
03A8E71B
FC59FA82
001D8404
032E0BAC
FEE6B9B2
FE2A867B
04C85560
FE627F20
FE35CD28
04D13F37
FB69CA6F
01B88307
02A02501
FE7877CF
FF48FB83
FFA00652
034730E1
028CB863
FB0E25CD
FE92DA4F
FDAB533A
01264CE4
03DC48BB
04C2E940
FB9069C0
04DDA412
FEFB8C4F
0354AE49
030C1804
FBE5A2A2
04EC765F
00F89591
FB724BCB
FE332431
0230ACED
FFA55CE7
00D86DA6
02E08823
FE078DE1
041D484D
00C07C87
021C3C29
FB420D4B
042D0089
FB206583
017C901F
FB6B2755
022CB1B0
FDEB8EB2
04A64E0C
02167AEE
01A60FD7
022257F6
003ED434
0143106D
FD3C4584
0433594B
FF9D2000
0146F568
FC6CB1E8
047BFC42
03F51D6D
04B53725
FC9018D2
04CAEE17
FF48074C
001E5153
03FE56C6
FE6BD9B9
FF87701F
FB9B35FB
FD19D003
FF688F12
04272DFE
FFE06ACD
0231932D
FD04DBBA
FF932A09
FDD92EB9
04A225B5
012D7ECF
FD955BB7
031EBAA5
014429F6
FF719DEB
FE785AE1
FD41411F
FD2DA2BB
02B30902
01DFA997
FBF6C434
FBD89847
0264FA41
FFA60DB4
0270883C
FE801163
FE28678E
0274F539
FF3A6933
FE4B3FA3
037818F7
FEF78014
FFE60FF3
0382A734
0300A2E3
01189178
0260A365
FB8E7098
01B461EC
00320538
01289F65
013C3090
FF59AD5B
FBCD2E67
FD6016AB
FE6BC018
049C3DA4
FCBDDA3C
FCECA809
04B4B7E7
FEA8546E
FFD251D8
01C1AF8D
FB81D139
026A9AEC
041A12B9
FC36F622
FC60DBA2
FF988AA8
FCB77252
FE4AF0F5
FEC6F58D
FBAC928B
FE654EA1
FEB64E57
02DF77B4
02EBDC01
03C1D983
04E02B39
FDAA95D6
03CCB016
000C77F7
FB3DD547
FD269860
FDCE9F9A
FE62FBEC
016CC8C7
0262D8E1
FB5B2E2D
03664F43
019E5EA2
FB24EF6C
00E27365
04415DE6
FE873599
0026297D
FD8BA054
0266E5DE
00DDDA11
FC3AB724
04062914
02737433
036F4887
FED383BD
FF95F73D
042E8510
02EFC2AA
FB0C5D32
FE03A56F
FFAD1DCF
00CCA1CA
FBD04369
FCD43680
012021A1
FC540F59
FB289E80
FCB80DC0
011163B8
FEA83465
010E5C5C
FCB6CC6A
FF4ABE9F
01CD1B33
FBC8BCE7
006CE35D
00A7097F
FFC28301
FDA99567
04B34889
FE09DA71
026B2FBB
007A45E3
FF2C3002
01B2BE75
01711DFD
03E4B27E
04951CEC
04A8EDA2
FEFEDCF1
01B17C05
FFE1EEDD
0312FB9C
FB0204D7
FC1C0737
FCED923E
019D9E9E
FE8043C3
FF2A2AF5
012FCA16
044B0131
047D7480
FDACEBBD
01B077B5
FD58CEC3
0320EC30
FCC6CA83
04D744D1
04FE1BE0
FEB61046
FEE2E9F4
FDC75C76
FC4E22BB
02C9BAE2
037821C8
011E3CA7
00A4DAF5
FFDC09F1
FB774C59
FBB108E8
FC571EFF
04FA25EF
0437FC66
FFDE11D8
0301B6C7
FB0FBE39
0167ED9A
04DE62B6
FDC65CC7
0208F7C8
FC7AF38F
FFB1233B
0431175C
FD78DDB4
FE4EBF5D
FD07B77A
04751D52
FB6A61D4
FB672C22
FED8E36F
03276700
FEA6CADB
01639814
FBCB3811
FB065866
FFFD6305
03CD7552
FB909345
0376B430
FC690307
FE32759E
FE8A28D0
FB70F7FD
0289CE30
FBF8C77B
02047075
0042D645
00A4D3D4
FDA8E587
0153295F
FC49773C
007E0206
03A12738
023DAC5F
010C37C8
FF57EE47
024E0B71
FC9A8B06
036B880D
034799DB
FD12113A
FDD6F8F6
049DC331
FB6C12BE
044FA388
FE1324CC
00537215
FFAFC21C
FDFFE43F
FF3D2741
034C3D1C
04161E40
04FD59BB
0298E48A
FE1F694D
FEC95280
029639FC
FE16F27F
FBCC24AC
0298A167
FCF3D4CC
FBA1E20D
0095EB7C
FE9CA1CF
FF180D7E
003B0AE0
FBB77178
FE3B44AD
FFA1727F
0283388C
FCAAF18E
0087AE66
FF741955
FE49D034
FDA7D81E
FC73644C
0476ECB1
FBEE2B0C
01E37108
01455355
04515604
FEB17E03
02161EE7
042EE461
FEC06BAE
04C4C248
FB7E9C29
00D46FA3
FBFEC3FA
04898434
03788949
FB8CAA69
FFAA4669
FD5E5A02
031C2449
FF09FF53
FD678C3E
FBEF4A4F
FF7B1390
FD0296E9
0173403D
04584BE2
FC61F247
FF2C7162
04255343
00E442AF
FC09484F
FE4A7DAF
FBC3F710
FF77361D
01087C82
FDB4FBB9
FEC2C896
04B00294
01577156
038166DB
FD37A696
FF5FBF0F
FC371635
FBEEFE75
FED84A77
FBDC6BEC
0021BCA8
FCB5399E
FCD6DFD5
FC3EB9B0
0045E4E5
021E4FE9
04277D4D
01B06377
FEC85183
04D49540
02DE2E74
02C5C133
FC1E5363
041A070E
FF8BCC04
FC00C405
00580BB4
FCA68951
001F685C
01E05E0B
04FF1048
01EDD20E
02D4C9E1
FB0643F9
0164507C
FB730CB6
0470473E
FE88195D
0130AB35
0402469C
FC6133D9
FF61F894
FEAD532B
006B7E08
FC41B7A3
01018350
FE580BE9
FE85316E
FB0E6688
FB32DF4D
01114DAE
FF833023
00D43B9A
FE8616B1
FC6A1FE7
002938C3
FF2287B0
FB09FC48
FE936E29
FF152BFA
03590C3D
FD0CD8D4
01DFD040
FBA37BBF
036A4535
01296CAE
FC573EF9
FB8F6C5C
04F204C0
04AD6012
FF1C7DAB
02D04900
FFC8701C
FD9F4A35
FB866D97
FCA53EB0
FCE60141
00AD18FD
0378DB5A
015835BA
FB571BEB
001B1C7B
FD14D139
00856595
00554380
0205C71C
04693EB1
000E813C
FC5C0FBA
027F3A29
02FF28BE
02B291EF
04CEAE8D
FB113D4B
FB132AAD
0278CB81
006B1D68
FFC18390
03126204
FBAD9643
04F416D0
FB900E58
02D9857D
FE1389EA
FF86FD29
FE873167
039D7DCD
00B2579E
044630CF
FD3B96D3
008DB71B
00DF1561
FE75D715
FD5EF128
04817F90
01F7D3D8
00D1C298
037B9F8C
FFF465FC
FCCED7F4
00E30D00
02501F80
00F6BA5F
02EBA93F
FFF4CFDD
0024089E
FD2730FD
00CEEEB5
FF54154E
010AC2A4
FCF39D4D
FF5CDC5A
FC0850D5
0380A6CE
FB42CB20
FBE94873
04238F90
03E3C5D5
015E7ED4
02B1D046
FB535B1F
04383E1F
04F66A4B
FDA60438
011FB7E0
03D398CB
014E93F2
FF0FD113
04229767
FB8E99BA
FEF268C8
00C128E3
047BD545
FB0C3165
FCE148AD
04BAB552
03F2A704
0022A949
02641389
03BABC2A
00B53375
04433B00
FCA25BD3
048B36F8
016C6308
FF1C0AE5
023F5083
03D3A630
02A74AB6
0105D545
032B7587
02A71B38
040AC839
01658B88
04B0B327
03B4121D
021AC42E
01DD2567
01AD1B20
032FC845
025142A3
FCCE0E13
FD6346C3
FFB9DB20
044BF4D9
01BE1B2A
01878514
00C05CA7
00B95FDA
032A50FA
03DEA439
FD3CA825
00AB25CD
FB59BBE1
FC33E5BA
016832E9
FC003816
03A597BA
FCCBC820
FDF38369
FB49C2A9
FB09BED5
FC7D9479
FCB0EA25
FF4D796A
02D9F4EB
00849FEE
FC70E09E
FBDAEFF7
FB1EE05B
FB879312
033AEAD6
FBA4CB40
FF03E5F3
FBB53C1A
004A5DB7
FFFF0B39
FF3C6DC2
00D89B8F
02CDACA8
01D3D89B
FB404AE3
048AA1E8
FBD772F2
FC1AB7B7
02583501
031C8547
047A85BE
0494CF9A
FB0BDD9F
FB8FD443
00A899A4
FF6DCEF8
02445D0B
FCE3764E
0302898A
04556D6E
018FFCF6
00641793
02932455
0077CF5B
010E0874
04410121
01B49931
FC0AC9D1
FFB87024
025DFF80
01777179
FEE354BB
FFF30181
023AB6E4
FF17E86A
FB208766
02844473
01B74205
FB8D252A
FFFB24CF
03AD2852
FCD493E8
03B7B313
00564569
FBA45753
FDBC93E8
FB7E32D3
03E1D20C
FC7FD98E
049305CB
04841F86
FFFEA77B
0338E477
020AE22E
FCADBDD2
03F6D715
04491664
04D77009
FED88308
FB1975C4
04E7DD2B
0395FF9B
02D2A7AE
FD8CF9B8
030417BC
03742A3C
FB874726
FC5EBBC0
02B2CF9A
024B1392
02944ED0
FD0794A9
00E7AEB9
FC2876F2
FB7CC54A
FDC400EA
FCA55908
01C78592
FD614FEA
FD17DC8D
0211DC0F
0251348B
FB6EF676
FD8F0D3A
FDC658CE
FC8FCAAD
FFC7C7CD
01ACBC8D
FBF025DB
04E12450
021F975A
03F09527
03CB8C84
FFFBF795
014BC23E
01878589
FDB7D286
04D9C6C6
007EC880
FE39EE51
041D1141
001C07F3
FD4AA272
FB3E6F03
04877CF1
FF9C508B
00784E27
FB625F1E
FC653A8D
02772AE0
02B25F49
03CA578E
FCFC8120
00832C80
0345528C
FDC43AD4
FE44A017
04790DE5
FF9D6483
02F50B47
01C538FC
00416AC9
FB41C449
0068913E
0113E740
00372EF1
FBA6ADDB
FF9715F8
FF0084D2
00802490
0339970B
FC919A89
FC3E921E
02D7F93A
FFC9EBF6
010AAA72
03E5327E
00BEE0DE
FDD4CE47
02213BCD
0241A2EE
FC8634BF
03A31696
0490658E
01B983DD
03C35E4E
04EE0067
FBBB97F3
01E114DC
FEAF827F
FC31F19F
024AD04D
039EFDA2
03938189
032EA9B9
FF17DCC3
011415A9
FC542730
FFD4E1BD
0281288E
FECE27BF
FE2C96C2
02FB7C9A
FCB8DE1A
FE3B8DCC
FDE8FA01
03CD4E75
FFB5EF6A
FF4F9C4F
00860A00
01D17EDD
FD12AAA0
FB4BB1DA
0372092A
01750DB0
04ADFC60
FF72D1D6
FE588DBA
FC5E29E3
0446E468
01D63875
011B4CC9
02FCE443
042D4B9D
03A232EC
0211BA4E
FD42F7B7
00384F01
FF4C09C7
03B4D88F
FCBCF345
FFE04899
FEE1F922
025BF41C
FDF122EC
01833C56
FD6F69A1
049A9B86
FF71074A
0387B04E
FB31C3D7
0072EE42
03A7F5E2
01B1909C
02FD7440
FDB0AAAF
FE93B1BF
FF9C11C5
FD0F132E
04164F8A
041B2266
FDC0D8BF
FB039E87
FF1DCAA2
02432FA2
FBD1B378
FD88F469
00DB0B6E
FBD902E3
FF22A72B
0257B7AD
FC10D9C2
FD1028A4
FD21068C
0173D77C
00DED4BB
FDE302E1
FD353BC6
FD53CDFF
013C6582
FF397A08
FBF937E4
FE7EFD01
FC56A660
01C0EEBD
FE8F34D5
039B8703
FEAD5995
042A046B
FF7FA347
0376C131
03EE72A8
FB10DC38
01C1CEB3
FFD0F019
FE484F26
FEBFBB82
FFBDBA6C
FC56E8FD
002B8476
02A9FD3A
FEF78767
04B0C523
FE67820F
FF353D2A
FDCAB7FD
FF0788F7
002457E2
FBE8EFBF
FCD2C2F0
FBF3F207
008DAEDA
FB1A18FB
00C327CD
04FAEDCA
033FE9E4
FCD790E8
00F2A1F5
FE3C50DB
FB1EFA51
04C8B487
027F4059
007ECCA6
02B74C6D
FCDB66AB
00EB9E21
006C5A27
03BB73DD
01E0134E
FE7F8DB6
FD5CD2E0
FD4C090E
0133C81D
00A65669
FC67C99E
0349B4CA
FB487768
FD5466F6
FB64145F
FF05C519
FF243FD7
02471735
03858629
FB7A6B30
0253AB99
012DFF14
02FFF9FB
FB92B5DD
FC325074
03413CDF
02BB4668
FD27B790
00AA4442
FB25D847
024D3E95
03E51B21
00AA9340
FCD53094
FEA2DD7B
03F97DE3
0238E61A
04173D1E
FF4C809A
FD474047
00E632FD
02AF55E3
FF1A0FB7
01E98F4F
FDFB05FE
0288B1B0
FFC4B242
00CFC020
FE3836F7
00A587B8
0015B9AD
043E6D4E
FBBD7235
008E648A
FD6F97F6
FEFC32A5
0205B90E
0392727E
FF214619
046EF010
FCEFB8A7
FF53C12C
04767C45
046B588D
FD99A160
01D8C58B
031A8B0B
0173643A
FC031679
FF8E3F5F
001C1160
FB820132
FC69EC37
00ADC643
FC620ED8
02D97096
FD9A7AC9
042DD25D
FBB575AC
FF7E91B3
FBE1F501
02FB0A33
FE22B63C
FD412451
FF5FCBDF
03C03005
FE38EDF1
000544FF
04CDB16B
04B58E07
FB43CF6A
04C62CE9
02D4360A
FC68B94F
FE27A925
03F32FEA
04E54FFC
FBF95A39
012186F3
0479D6C4
FD1B7F1C
03D4B918
FB57D861
0193DD7A
FEB80961
FB9C6092
FBE9BC26
00E1CAD3
002E2C28
FB3FAE84
FF535FFF
01A8980A
FD507194
FF0442CA
014CB855
048DE729
FDA3B0C5
01EF744B
FB5A104F
FCC978CC
FFC98189
018D323E
FF342A30
FE6247C8
FE7C36C8
0377C032
FBC6DB54
FD6E4044
FE4851D8
01E24CEA
04BE62D9
02B6045A
FBFC8D5E
FF261C2F
FDD29C77
036DABDF
02F402A7
033A94FB
FD31D6C5
044D9EE3
02B0B761
FBCEFE0D
FCCB0CE2
0477768F
00ED054B
00F0DEF1
FB046593
FF34D664
047D5CC7
03709307
021EC7FE
FBFAA808
FD617B8A
FFB8CA50
029AC58D
FEF55C8F
00E35347
FBF7835A
FE552257
04863B82
FBA537F7
00B5B761
FC88AEE2
004F69DD
02319333
FE6838EA
034305A7
FCA06DA6
03838D58
01394A1D
0391AD7F
FC2E2E5F
02F9863F
01B0D31C
033A1446
FFCA8C40
04E799F5
FB5606B6
01AAE819
00E343AB
04865BCC
FC079AD2
FEC854B6
04BD507A
014E86A1
027E2CB3
014202AB
044ADFED
04D23E10
FD4ED834
0211B968
FC8F75A0
044A3941
FFFCFBAE
FCE4A9E1
FE9E04C9
01BDE93E
032741CB
FB564BC7
00B98876
025AB544
0347D279
FDD12CE3
03B910A9
04753606
FE1353C6
02E15E6A
FEEBB071
01D1D781
025E1C63
FC7D84FC
FF9F8E7F
FC96C8B7
FC59EB34
FDF07C42
013139E0
0470C08E
03791C70
005AFA26
01F8F4E1
02EF3A80
04148851
FF208E77
FB614B06
FEE71418
FD4ABE90
04D2A948
FF7D532B
02F05FC2
0128643F
00EFF13C
FC0F267E
01AC95B3
04C3A317
FC6DBCAA
FC522C4A
0170AD90
0287216A
FF3A0A66
04361509
FC452A5E
FBF4F0E0
03A0FD0D
FF2C0780
FE48A349
0306F0D5
FB19D22A
FD3E4611
03F640DC
FC9F2782
FD4C6AFB
FB8403B4
00BFE5D0
0154E25B
019C2DFA
00B2D9D8
FE0375C1
010417D0
0055EAA8
FE43912E
03BFEA58
018A3D8E
FD630DB1
FF454581
02FB2A8C
FD0EFE8C
FEB22811
FF2B6392
00DFECA4
019D36EF
022A0E04
041548A1
02D5041F
FE2C180E
04812FF0
000582E3
FDEDD86B
FBEBB8E9
FE690919
024EC2C3
FF787487
00756857
FD1671D8
FF50FEEC
FE540679
FDDFCBCC
00BCD2A0
04971271
FB5C728F
FCD7A1AE
FB42ECCE
FF1F9775
0123D8C2
FEF961B9
FCD2779B
028A2676
FD770CF3
FEC4CD21
FD96E6CD
FE5155F4
03202358
02F90595
FD5DAF8D
FF40541A
FC0858DF
04CF67F2
0176A3B3
FDBF2696
FD48C375
FE6AD8EF
FD0EEA86
03C3D65A
028762C3
01D5F795
FC175572
003DE94D
FC7ECC76
FDCFD70C
FB30719E
04AD2404
01E9D892
FDEF0A2F
01938114
FFE10FB1
0070A321
FD529CE7
FF2ADE95
FE70CFE1
FE9838BF
FD951BC7
01DBD472
00D4E6AE
04C6A24A
FCE32831
03E0F3B4
FE4E7249
FDDFC6E6
043A5B53
02758DD7
01BA9348
FFB54B0A
FD803C97
FF864AD2
040FCC7D
047CE91E
FE431878
FF3A43EF
01F375AB
03268B20
FB8FF515
FB6676C4
FD9CE2AA
02591904
037873EE
FF01EEDC
FD3D6801
013CBD75
03328C4E
FD931580
FFB4A9FC
FD59A83F
FD2725D3
035EAEDD
FB6B66B9
FB56BAB5
018DCD2A
FF199B57
FD6288C4
04695C43
01A3F33E
FE5F5F99
FFFA0BDF
FDB0E978
FB0612DF
FC204543
FEC5BCCF
019A48F2
FB67C299
0443D487
03A3A16C
FCF58E63
00DAAF35
00C47B00
FFE925DF
FFB05C52
02ACC52D
FCFAC68C
015983CE
049563AE
FE7615CE
FCA663E1
FEF6974C
FEE3F0E1
FFEBD7FE
FF725683
014D0889
04428814
0417E944
FB839D61
FE5FC2C8
FE801674
01EC7ECE
03256566
FFB6EDAA
FFC91ADB
01A1BC5C
026A850D
FD14C30F
04EF2A11
01686F7E
FF03F183
FE6EB15A
FFD2A5D7
FC214408
04CF79C1
044AF305
01A1C162
FF5C66DE
FCC9327E
FF0DE6B3
027E17A5
0051CC24
043B9719
03F84AB2
FE1B4931
FBDFEFD5
FF77A2DD
03C9542A
003E9FB5
FCFB5180
FE1C1817
026D9752
0259E6AB
0007BA3B
019DBAF9
03E2677C
FFAE3FD9
FEBBA032
FC8196F1
0363F98E
048D802B
01D415EB
FD8A94A5
00F2F5D1
037708C8
01ADECD1
02C662DC
FB4749A7
04EF4BF6
FB222AB9
FE5EAD39
0037DBD9
FD16B238
005161E8
FE4C8C3E
FD4B4743
FDA138AD
00000000
00000000
00000000
00000000
00000000
00000000
00000000
00000000
00000000
00000000
00000000
00000000
00000000
00000000
00000000
00000000
00000000
00000000
00000000
00000000
00000000
00000000
00000000
00000000
00000000
00000000
00000000
00000000
00000000
00000000
00000000
00000000
00000000
00000000
00000000
00000000
00000000
00000000
00000000
00000000
00000000
00000000
00000000
00000000
00000000
00000000
00000000
00000000
00000000
00000000
00000000
00000000
00000000
00000000
00000000
00000000
00000000
00000000
00000000
00000000
00000000
00000000
00000000
00000000
00000000
00000000
00000000
00000000
00000000
00000000
00000000
00000000
00000000
00000000
00000000
00000000
00000000
00000000
00000000
00000000
00000000
00000000
00000000
00000000
00000000
00000000
00000000
00000000
00000000
00000000
00000000
00000000
00000000
00000000
00000000
00000000
00000000
00000000
00000000
00000000
00000000
00000000
00000000
00000000
00000000
00000000
00000000
00000000
00000000
00000000
00000000
00000000
00000000
00000000
00000000
00000000
00000000
00000000
00000000
00000000
00000000
00000000
00000000
00000000
00000000
00000000
00000000
00000000
00000000
00000000
00000000
00000000
00000000
00000000
00000000
00000000
00000000
00000000
00000000
00000000
00000000
00000000
00000000
00000000
00000000
00000000
00000000
00000000
00000000
00000000
00000000
00000000
00000000
00000000
00000000
00000000
00000000
00000000
00000000
00000000
00000000
00000000
00000000
00000000
00000000
00000000
00000000
00000000
00000000
00000000
00000000
00000000
00000000
00000000
00000000
00000000
00000000
00000000
00000000
00000000
00000000
00000000
00000000
00000000
00000000
00000000
00000000
00000000
00000000
00000000
00000000
00000000
00000000
00000000
00000000
00000000
00000000
00000000
00000000
00000000
00000000
00000000
00000000
00000000
00000000
00000000
00000000
00000000
00000000
00000000
00000000
00000000
00000000
00000000
00000000
00000000
00000000
00000000
00000000
00000000
00000000
00000000
00000000
00000000
00000000
00000000
00000000
00000000
00000000
00000000
00000000
00000000
00000000
00000000
00000000
00000000
00000000
00000000
00000000
00000000
00000000
00000000
00000000
00000000
00000000
00000000
00000000
00000000
00000000
00000000
00000000
00000000
00000000
00000000
00000000
00000000
00000000
00000000
00000000
00000000
00000000
00000000
00000000
00000000
00000000
00000000
00000000
00000000
00000000
00000000
00000000
00000000
00000000
00000000
00000000
00000000
00000000
00000000
00000000
00000000
00000000
00000000
00000000
00000000
00000000
00000000
00000000
00000000
00000000
00000000
00000000
00000000
00000000
00000000
00000000
00000000
00000000
00000000
00000000
00000000
00000000
00000000
00000000
00000000
00000000
00000000
00000000
00000000
00000000
00000000
00000000
00000000
00000000
00000000
00000000
00000000
00000000
00000000
00000000
00000000
00000000
00000000
00000000
00000000
00000000
00000000
00000000
00000000
00000000
00000000
00000000
00000000
00000000
00000000
00000000
00000000
00000000
00000000
00000000
00000000
00000000
00000000
00000000
00000000
00000000
00000000
00000000
00000000
00000000
00000000
00000000
00000000
00000000
00000000
00000000
00000000
00000000
00000000
00000000
00000000
00000000
00000000
00000000
00000000
00000000
00000000
00000000
00000000
00000000
00000000
00000000
00000000
00000000
00000000
00000000
00000000
00000000
00000000
00000000
00000000
00000000
00000000
00000000
00000000
00000000
00000000
00000000
00000000
00000000
00000000
00000000
00000000
00000000
00000000
00000000
00000000
00000000
00000000
00000000
00000000
00000000
00000000
00000000
00000000
00000000
00000000
00000000
00000000
00000000
00000000
00000000
00000000
00000000
00000000
00000000
00000000
00000000
00000000
00000000
00000000
00000000
00000000
00000000
00000000
00000000
00000000
00000000
00000000
00000000
00000000
00000000
00000000
00000000
00000000
00000000
00000000
00000000
00000000
00000000
00000000
00000000
00000000
00000000
00000000
00000000
00000000
00000000
00000000
00000000
00000000
00000000
00000000
00000000
00000000
00000000
00000000
00000000
00000000
00000000
00000000
00000000
00000000
00000000
00000000
00000000
00000000
00000000
00000000
00000000
00000000
00000000
00000000
00000000
00000000
00000000
00000000
00000000
00000000
00000000
00000000
00000000
00000000
00000000
00000000
00000000
00000000
00000000
00000000
00000000
00000000
00000000
00000000
00000000
00000000
00000000
00000000
00000000
00000000
00000000
00000000
00000000
00000000
00000000
00000000
00000000
00000000
00000000
00000000
00000000
00000000
00000000
00000000
00000000
00000000
00000000
00000000
00000000
00000000
00000000
00000000
00000000
00000000
00000000
00000000
00000000
00000000
00000000
00000000
00000000
00000000
00000000
00000000
00000000
00000000
00000000
00000000
00000000
00000000
00000000
00000000
00000000
00000000
00000000
00000000
00000000
00000000
00000000
00000000
00000000
00000000
00000000
00000000
00000000
00000000
00000000
00000000
00000000
00000000
00000000
00000000
00000000
00000000
00000000
00000000
00000000
00000000
00000000
00000000
00000000
00000000
00000000
00000000
00000000
00000000
00000000
00000000
00000000
00000000
00000000
00000000
00000000
00000000
00000000
00000000
00000000
00000000
00000000
00000000
00000000
00000000
00000000
00000000
00000000
00000000
00000000
00000000
00000000
00000000
00000000
00000000
00000000
00000000
00000000
00000000
00000000
00000000
00000000
00000000
00000000
00000000
00000000
00000000
00000000
00000000
00000000
00000000
00000000
00000000
00000000
00000000
00000000
00000000
00000000
00000000
00000000
00000000
00000000
00000000
00000000
00000000
00000000
00000000
00000000
00000000
00000000
00000000
00000000
00000000
00000000
00000000
00000000
00000000
00000000
00000000
00000000
00000000
00000000
00000000
00000000
00000000
00000000
00000000
00000000
00000000
00000000
00000000
00000000
00000000
00000000
00000000
00000000
00000000
00000000
00000000
00000000
00000000
00000000
00000000
00000000
00000000
00000000
00000000
00000000
00000000
00000000
00000000
00000000
00000000
00000000
00000000
00000000
00000000
00000000
00000000
00000000
00000000
00000000
00000000
00000000
00000000
00000000
00000000
00000000
00000000
00000000
00000000
00000000
00000000
00000000
00000000
00000000
00000000
00000000
00000000
00000000
00000000
00000000
00000000
00000000
00000000
00000000
00000000
00000000
00000000
00000000
00000000
00000000
00000000
00000000
00000000
00000000
00000000
00000000
00000000
00000000
00000000
00000000
00000000
00000000
00000000
00000000
00000000
00000000
00000000
00000000
00000000
00000000
00000000
00000000
00000000
00000000
00000000
00000000
00000000
00000000
00000000
00000000
00000000
00000000
00000000
00000000
00000000
00000000
00000000
00000000
00000000
00000000
00000000
00000000
00000000
00000000
00000000
00000000
00000000
00000000
00000000
00000000
00000000
00000000
00000000
00000000
00000000
00000000
00000000
00000000
00000000
00000000
00000000
00000000
00000000
00000000
00000000
00000000
00000000
00000000
00000000
00000000
00000000
00000000
00000000
00000000
00000000
00000000
00000000
00000000
00000000
00000000
00000000
00000000
00000000
00000000
00000000
00000000
00000000
00000000
00000000
00000000
00000000
00000000
00000000
00000000
00000000
00000000
00000000
00000000
00000000
00000000
00000000
00000000
00000000
00000000
00000000
00000000
00000000
00000000
00000000
00000000
00000000
00000000
00000000
00000000
00000000
00000000
00000000
00000000
00000000
00000000
00000000
00000000
00000000
00000000
00000000
00000000
00000000
00000000
00000000
00000000
00000000
00000000
00000000
00000000
00000000
00000000
00000000
00000000
00000000
00000000
00000000
00000000
00000000
00000000
00000000
00000000
00000000
00000000
00000000
00000000
00000000
00000000
00000000
00000000
00000000
00000000
00000000
00000000
00000000
00000000
00000000
00000000
00000000
00000000
00000000
00000000
00000000
00000000
00000000
00000000
00000000
00000000
00000000
00000000
00000000
00000000
00000000
00000000
00000000
00000000
00000000
00000000
00000000
00000000
00000000
00000000
00000000
00000000
00000000
00000000
00000000
00000000
00000000
00000000
00000000
00000000
00000000
00000000
00000000
00000000
00000000
00000000
00000000
00000000
00000000
00000000
00000000
00000000
00000000
00000000
00000000
00000000
00000000
00000000
00000000
00000000
00000000
00000000
00000000
00000000
00000000
00000000
00000000
00000000
00000000
00000000
00000000
00000000
00000000
00000000
00000000
00000000
00000000
00000000
00000000
00000000
00000000
00000000
00000000
00000000
00000000
00000000
00000000
00000000
00000000
00000000
00000000
00000000
00000000
00000000
00000000
00000000
00000000
00000000
00000000
00000000
00000000
00000000
00000000
00000000
00000000
00000000
00000000
00000000
00000000
00000000
00000000
00000000
00000000
00000000
00000000
00000000
00000000
00000000
00000000
00000000
00000000
00000000
00000000
00000000
00000000
00000000
00000000
00000000
00000000
00000000
00000000
00000000
00000000
00000000
00000000
00000000
00000000
00000000
00000000
00000000
00000000
00000000
00000000
00000000
00000000
00000000
00000000
00000000
00000000
00000000
00000000
00000000
00000000
00000000
00000000
00000000
00000000
00000000
00000000
00000000
00000000
00000000
00000000
00000000
00000000
00000000
00000000
00000000
00000000
00000000
00000000
00000000
00000000
00000000
00000000
00000000
00000000
00000000
00000000
00000000
00000000
00000000
00000000
00000000
00000000
00000000
00000000
00000000
00000000
00000000
00000000
00000000
00000000
00000000
00000000
00000000
00000000
00000000
00000000
00000000
00000000
00000000
00000000
00000000
00000000
00000000
00000000
00000000
00000000
00000000
00000000
00000000
00000000
00000000
00000000
00000000
00000000
00000000
00000000
00000000
00000000
00000000
00000000
00000000
00000000
00000000
00000000
00000000
00000000
00000000
00000000
00000000
00000000
00000000
00000000
00000000
00000000
00000000
00000000
00000000
00000000
00000000
00000000
00000000
00000000
00000000
00000000
00000000
00000000
00000000
00000000
00000000
00000000
00000000
00000000
00000000
00000000
00000000
00000000
00000000
00000000
00000000
00000000
00000000
00000000
00000000
00000000
00000000
00000000
00000000
00000000
00000000
00000000
00000000
00000000
00000000
00000000
00000000
00000000
00000000
00000000
00000000
00000000
00000000
00000000
00000000
00000000
00000000
00000000
00000000
00000000
00000000
00000000
00000000
00000000
00000000
00000000
00000000
00000000
00000000
00000000
00000000
00000000
00000000
00000000
00000000
00000000
00000000
00000000
00000000
00000000
00000000
00000000
00000000
00000000
00000000
00000000
00000000
00000000
00000000
00000000
00000000
00000000
00000000
00000000
00000000
00000000
00000000
00000000
00000000
00000000
00000000
00000000
00000000
00000000
00000000
00000000
00000000
00000000
00000000
00000000
00000000
00000000
00000000
00000000
00000000
00000000
00000000
00000000
00000000
00000000
00000000
00000000
00000000
00000000
00000000
00000000
00000000
00000000
00000000
00000000
00000000
00000000
00000000
00000000
00000000
00000000
00000000
00000000
00000000
00000000
00000000
00000000
00000000
00000000
00000000
00000000
00000000
00000000
00000000
00000000
00000000
00000000
00000000
00000000
00000000
00000000
00000000
00000000
00000000
00000000
00000000
00000000
00000000
00000000
00000000
00000000
00000000
00000000
00000000
00000000
00000000
00000000
00000000
00000000
00000000
00000000
00000000
00000000
00000000
00000000
00000000
00000000
00000000
00000000
00000000
00000000
00000000
00000000
00000000
00000000
00000000
00000000
00000000
00000000
00000000
00000000
00000000
00000000
00000000
00000000
00000000
00000000
00000000
00000000
00000000
00000000
00000000
00000000
00000000
00000000
00000000
00000000
00000000
00000000
00000000
00000000
00000000
00000000
00000000
00000000
00000000
00000000
00000000
00000000
00000000
00000000
00000000
00000000
00000000
00000000
00000000
00000000
00000000
00000000
00000000
00000000
00000000
00000000
00000000
00000000
00000000
00000000
00000000
00000000
00000000
00000000
00000000
00000000
00000000
00000000
00000000
00000000
00000000
00000000
00000000
00000000
00000000
00000000
00000000
00000000
00000000
00000000
00000000
00000000
00000000
00000000
00000000
00000000
00000000
00000000
00000000
00000000
00000000
00000000
00000000
00000000
00000000
00000000
00000000
00000000
00000000
00000000
00000000
00000000
00000000
00000000
00000000
00000000
00000000
00000000
00000000
00000000
00000000
00000000
00000000
00000000
00000000
00000000
00000000
00000000
00000000
00000000
00000000
00000000
00000000
00000000
00000000
00000000
00000000
00000000
00000000
00000000
00000000
00000000
00000000
00000000
00000000
00000000
00000000
00000000
00000000
00000000
00000000
00000000
00000000
00000000
00000000
00000000
00000000
00000000
00000000
00000000
00000000
00000000
00000000
00000000
00000000
00000000
00000000
00000000
00000000
00000000
00000000
00000000
00000000
00000000
00000000
00000000
00000000
00000000
00000000
00000000
00000000
00000000
00000000
00000000
00000000
00000000
00000000
00000000
00000000
00000000
00000000
00000000
00000000
00000000
00000000
00000000
00000000
00000000
00000000
00000000
00000000
00000000
00000000
00000000
00000000
00000000
00000000
00000000
00000000
00000000
00000000
00000000
00000000
00000000
00000000
00000000
00000000
00000000
00000000
00000000
00000000
00000000
00000000
00000000
00000000
00000000
00000000
00000000
00000000
00000000
00000000
00000000
00000000
00000000
00000000
00000000
00000000
00000000
00000000
00000000
00000000
00000000
00000000
00000000
00000000
00000000
00000000
00000000
00000000
00000000
00000000
00000000
00000000
00000000
00000000
00000000
00000000
00000000
00000000
00000000
00000000
00000000
00000000
00000000
00000000
00000000
00000000
00000000
00000000
00000000
00000000
00000000
00000000
00000000
00000000
00000000
00000000
00000000
00000000
00000000
00000000
00000000
00000000
00000000
00000000
00000000
00000000
00000000
00000000
00000000
00000000
00000000
00000000
00000000
00000000
00000000
00000000
00000000
00000000
00000000
00000000
00000000
00000000
00000000
00000000
00000000
00000000
00000000
00000000
00000000
00000000
00000000
00000000
00000000
00000000
00000000
00000000
00000000
00000000
00000000
00000000
00000000
00000000
00000000
00000000
00000000
00000000
00000000
00000000
00000000
00000000
00000000
00000000
00000000
00000000
00000000
00000000
00000000
00000000
00000000
00000000
00000000
00000000
00000000
00000000
00000000
00000000
00000000
00000000
00000000
00000000
00000000
00000000
00000000
00000000
00000000
00000000
00000000
00000000
00000000
00000000
00000000
00000000
00000000
00000000
00000000
00000000
00000000
00000000
00000000
00000000
00000000
00000000
00000000
00000000
00000000
00000000
00000000
00000000
00000000
00000000
00000000
00000000
00000000
00000000
00000000
00000000
00000000
00000000
00000000
00000000
00000000
00000000
00000000
00000000
00000000
00000000
00000000
00000000
00000000
00000000
00000000
00000000
00000000
00000000
00000000
00000000
00000000
00000000
00000000
00000000
00000000
00000000
00000000
00000000
00000000
00000000
00000000
00000000
00000000
00000000
00000000
00000000
00000000
00000000
00000000
00000000
00000000
00000000
00000000
00000000
00000000
00000000
00000000
00000000
00000000
00000000
00000000
00000000
00000000
00000000
00000000
00000000
00000000
00000000
00000000
00000000
00000000
00000000
00000000
00000000
00000000
00000000
00000000
00000000
00000000
00000000
00000000
00000000
00000000
00000000
00000000
00000000
00000000
00000000
00000000
00000000
00000000
00000000
00000000
00000000
00000000
00000000
00000000
00000000
00000000
00000000
00000000
00000000
00000000
00000000
00000000
00000000
00000000
00000000
00000000
00000000
00000000
00000000
00000000
00000000
00000000
00000000
00000000
00000000
00000000
00000000
00000000
00000000
00000000
00000000
00000000
00000000
00000000
00000000
00000000
00000000
00000000
00000000
00000000
00000000
00000000
00000000
00000000
00000000
00000000
00000000
00000000
00000000
00000000
00000000
00000000
00000000
00000000
00000000
00000000
00000000
00000000
00000000
00000000
00000000
00000000
00000000
00000000
00000000
00000000
00000000
00000000
00000000
00000000
00000000
00000000
00000000
00000000
00000000
00000000
00000000
00000000
00000000
00000000
00000000
00000000
00000000
00000000
00000000
00000000
00000000
00000000
00000000
00000000
00000000
00000000
00000000
00000000
00000000
00000000
00000000
00000000
00000000
00000000
00000000
00000000
00000000
00000000
00000000
00000000
00000000
00000000
00000000
00000000
00000000
00000000
00000000
00000000
00000000
00000000
00000000
00000000
00000000
00000000
00000000
00000000
00000000
00000000
00000000
00000000
00000000
00000000
00000000
00000000
00000000
00000000
00000000
00000000
00000000
00000000
00000000
00000000
00000000
00000000
00000000
00000000
00000000
00000000
00000000
00000000
00000000
00000000
00000000
00000000
00000000
00000000
00000000
00000000
00000000
00000000
00000000
00000000
00000000
00000000
00000000
00000000
00000000
00000000
00000000
00000000
00000000
00000000
00000000
00000000
00000000
00000000
00000000
00000000
00000000
00000000
00000000
00000000
00000000
00000000
00000000
00000000
00000000
00000000
00000000
00000000
00000000
00000000
00000000
00000000
00000000
00000000
00000000
00000000
00000000
00000000
00000000
00000000
00000000
00000000
00000000
00000000
00000000
00000000
00000000
00000000
00000000
00000000
00000000
00000000
00000000
00000000
00000000
00000000
00000000
00000000
00000000
00000000
00000000
00000000
00000000
00000000
00000000
00000000
00000000
00000000
00000000
00000000
00000000
00000000
00000000
00000000
00000000
00000000
00000000
00000000
00000000
00000000
00000000
00000000
00000000
00000000
00000000
00000000
00000000
00000000
00000000
00000000
00000000
00000000
00000000
00000000
00000000
00000000
00000000
00000000
00000000
00000000
00000000
00000000
00000000
00000000
00000000
00000000
00000000
00000000
00000000
00000000
00000000
00000000
00000000
00000000
00000000
00000000
00000000
00000000
00000000
00000000
00000000
00000000
00000000
00000000
00000000
00000000
00000000
00000000
00000000
00000000
00000000
00000000
00000000
00000000
00000000
00000000
00000000
00000000
00000000
00000000
00000000
00000000
00000000
00000000
00000000
00000000
00000000
00000000
00000000
00000000
00000000
00000000
00000000
00000000
00000000
00000000
00000000
00000000
00000000
00000000
00000000
00000000
00000000
00000000
00000000
00000000
00000000
00000000
00000000
00000000
00000000
00000000
00000000
00000000
00000000
00000000
00000000
00000000
00000000
00000000
00000000
00000000
00000000
00000000
00000000
00000000
00000000
00000000
00000000
00000000
00000000
00000000
00000000
00000000
00000000
00000000
00000000
00000000
00000000
00000000
00000000
00000000
00000000
00000000
00000000
00000000
00000000
00000000
00000000
00000000
00000000
00000000
00000000
00000000
00000000
00000000
00000000
00000000
00000000
00000000
00000000
00000000
00000000
00000000
00000000
00000000
00000000
00000000
00000000
00000000
00000000
00000000
00000000
00000000
00000000
00000000
00000000
00000000
00000000
00000000
00000000
00000000
00000000
00000000
00000000
00000000
00000000
00000000
00000000
00000000
00000000
00000000
00000000
00000000
00000000
00000000
00000000
00000000
00000000
00000000
00000000
00000000
00000000
00000000
00000000
00000000
00000000
00000000
00000000
00000000
00000000
00000000
00000000
00000000
00000000
00000000
00000000
00000000
00000000
00000000
00000000
00000000
00000000
00000000
00000000
00000000
00000000
00000000
00000000
00000000
00000000
00000000
00000000
00000000
00000000
00000000
00000000
00000000
00000000
00000000
00000000
00000000
00000000
00000000
00000000
00000000
00000000
00000000
00000000
00000000
00000000
00000000
00000000
00000000
00000000
00000000
00000000
00000000
00000000
00000000
00000000
00000000
00000000
00000000
00000000
00000000
00000000
00000000
00000000
00000000
00000000
00000000
00000000
00000000
00000000
00000000
00000000
00000000
00000000
00000000
00000000
00000000
00000000
00000000
00000000
00000000
00000000
00000000
00000000
00000000
00000000
00000000
00000000
00000000
00000000
00000000
00000000
00000000
00000000
00000000
00000000
00000000
00000000
00000000
00000000
00000000
00000000
00000000
00000000
00000000
00000000
00000000
00000000
00000000
00000000
00000000
00000000
00000000
00000000
00000000
00000000
00000000
00000000
00000000
00000000
00000000
00000000
00000000
00000000
00000000
00000000
00000000
00000000
00000000
00000000
00000000
00000000
00000000
00000000
00000000
00000000
00000000
00000000
00000000
00000000
00000000
00000000
00000000
00000000
00000000
00000000
00000000
00000000
00000000
00000000
00000000
00000000
00000000
00000000
00000000
00000000
00000000
00000000
00000000
00000000
00000000
00000000
00000000
00000000
00000000
00000000
00000000
00000000
00000000
00000000
00000000
00000000
00000000
00000000
00000000
00000000
00000000
00000000
00000000
00000000
00000000
00000000
00000000
00000000
00000000
00000000
00000000
00000000
00000000
00000000
00000000
00000000
00000000
00000000
00000000
00000000
00000000
00000000
00000000
00000000
00000000
00000000
00000000
00000000
00000000
00000000
00000000
00000000
00000000
00000000
00000000
00000000
00000000
00000000
00000000
00000000
00000000
00000000
00000000
00000000
00000000
00000000
00000000
00000000
00000000
00000000
00000000
00000000
00000000
00000000
00000000
00000000
00000000
00000000
00000000
00000000
00000000
00000000
00000000
00000000
00000000
00000000
00000000
00000000
00000000
00000000
00000000
00000000
00000000
00000000
00000000
00000000
00000000
00000000
00000000
00000000
00000000
00000000
00000000
00000000
00000000
00000000
00000000
00000000
00000000
00000000
00000000
00000000
00000000
00000000
00000000
00000000
00000000
00000000
00000000
00000000
00000000
00000000
00000000
00000000
00000000
00000000
00000000
00000000
00000000
00000000
00000000
00000000
00000000
00000000
00000000
00000000
00000000
00000000
00000000
00000000
00000000
00000000
00000000
00000000
00000000
00000000
00000000
00000000
00000000
00000000
00000000
00000000
00000000
00000000
00000000
00000000
00000000
00000000
00000000
00000000
00000000
00000000
00000000
00000000
00000000
00000000
00000000
00000000
00000000
00000000
00000000
00000000
00000000
00000000
00000000
00000000
00000000
00000000
00000000
00000000
00000000
00000000
00000000
00000000
00000000
00000000
00000000
00000000
00000000
00000000
00000000
00000000
00000000
00000000
00000000
00000000
00000000
00000000
00000000
00000000
00000000
00000000
00000000
00000000
00000000
00000000
00000000
00000000
00000000
00000000
00000000
00000000
00000000
00000000
00000000
00000000
00000000
00000000
00000000
00000000
00000000
00000000
00000000
00000000
00000000
00000000
00000000
00000000
00000000
00000000
00000000
00000000
00000000
00000000
00000000
00000000
00000000
00000000
00000000
00000000
00000000
00000000
00000000
00000000
00000000
00000000
00000000
00000000
00000000
00000000
00000000
00000000
00000000
00000000
00000000
00000000
00000000
00000000
00000000
00000000
00000000
00000000
00000000
00000000
00000000
00000000
00000000
00000000
00000000
00000000
00000000
00000000
00000000
00000000
00000000
00000000
00000000
00000000
00000000
00000000
00000000
00000000
00000000
00000000
00000000
00000000
00000000
00000000
00000000
00000000
00000000
00000000
00000000
00000000
00000000
00000000
00000000
00000000
00000000
00000000
00000000
00000000
00000000
00000000
00000000
00000000
00000000
00000000
00000000
00000000
00000000
00000000
00000000
00000000
00000000
00000000
00000000
00000000
00000000
00000000
00000000
00000000
00000000
00000000
00000000
00000000
00000000
00000000
00000000
00000000
00000000
00000000
00000000
00000000
00000000
00000000
00000000
00000000
00000000
00000000
00000000
00000000
00000000
00000000
00000000
00000000
00000000
00000000
00000000
00000000
00000000
00000000
00000000
00000000
00000000
00000000
00000000
00000000
00000000
00000000
00000000
00000000
00000000
00000000
00000000
00000000
00000000
00000000
00000000
00000000
00000000
00000000
00000000
00000000
00000000
00000000
00000000
00000000
00000000
00000000
00000000
00000000
00000000
00000000
00000000
00000000
00000000
00000000
00000000
00000000
00000000
00000000
00000000
00000000
00000000
00000000
00000000
00000000
00000000
00000000
00000000
00000000
00000000
00000000
00000000
00000000
00000000
00000000
00000000
00000000
00000000
00000000
00000000
00000000
00000000
00000000
00000000
00000000
00000000
00000000
00000000
00000000
00000000
00000000
00000000
00000000
00000000
00000000
00000000
00000000
00000000
00000000
00000000
00000000
00000000
00000000
00000000
00000000
00000000
00000000
00000000
00000000
00000000
00000000
00000000
00000000
00000000
00000000
00000000
00000000
00000000
00000000
00000000
00000000
00000000
00000000
00000000
00000000
00000000
00000000
00000000
00000000
00000000
00000000
00000000
00000000
00000000
00000000
00000000
00000000
00000000
00000000
00000000
00000000
00000000
00000000
00000000
00000000
00000000
00000000
00000000
00000000
00000000
00000000
00000000
00000000
00000000
00000000
00000000
00000000
00000000
00000000
00000000
00000000
00000000
00000000
00000000
00000000
00000000
00000000
00000000
00000000
00000000
00000000
00000000
00000000
00000000
00000000
00000000
00000000
00000000
00000000
00000000
00000000
00000000
00000000
00000000
00000000
00000000
00000000
00000000
00000000
00000000
00000000
00000000
00000000
00000000
00000000
00000000
00000000
00000000
00000000
00000000
00000000
00000000
00000000
00000000
00000000
00000000
00000000
00000000
00000000
00000000
00000000
00000000
00000000
00000000
00000000
00000000
00000000
00000000
00000000
00000000
00000000
00000000
00000000
00000000
00000000
00000000
00000000
00000000
00000000
00000000
00000000
00000000
00000000
00000000
00000000
00000000
00000000
00000000
00000000
00000000
00000000
00000000
00000000
00000000
00000000
00000000
00000000
00000000
00000000
00000000
00000000
00000000
00000000
00000000
00000000
00000000
00000000
00000000
00000000
00000000
00000000
00000000
00000000
00000000
00000000
00000000
00000000
00000000
00000000
00000000
00000000
00000000
00000000
00000000
00000000
00000000
00000000
00000000
00000000
00000000
00000000
00000000
00000000
00000000
00000000
00000000
00000000
00000000
00000000
00000000
00000000
00000000
00000000
00000000
00000000
00000000
00000000
00000000
00000000
00000000
00000000
00000000
00000000
00000000
00000000
00000000
00000000
00000000
00000000
00000000
00000000
00000000
00000000
00000000
00000000
00000000
00000000
00000000
00000000
00000000
00000000
00000000
00000000
00000000
00000000
00000000
00000000
00000000
00000000
00000000
00000000
00000000
00000000
00000000
00000000
00000000
00000000
00000000
00000000
00000000
00000000
00000000
00000000
00000000
00000000
00000000
00000000
00000000
00000000
00000000
00000000
00000000
00000000
00000000
00000000
00000000
00000000
00000000
00000000
00000000
00000000
00000000
00000000
00000000
00000000
00000000
00000000
00000000
00000000
00000000
00000000
00000000
00000000
00000000
00000000
00000000
00000000
00000000
00000000
00000000
00000000
00000000
00000000
00000000
00000000
00000000
00000000
00000000
00000000
00000000
00000000
00000000
00000000
00000000
00000000
00000000
00000000
00000000
00000000
00000000
00000000
00000000
00000000
00000000
00000000
00000000
00000000
00000000
00000000
00000000
00000000
00000000
00000000
00000000
00000000
00000000
00000000
00000000
00000000
00000000
00000000
00000000
00000000
00000000
00000000
00000000
00000000
00000000
00000000
00000000
00000000
00000000
00000000
00000000
00000000
00000000
00000000
00000000
00000000
00000000
00000000
00000000
00000000
00000000
00000000
00000000
00000000
00000000
00000000
00000000
00000000
00000000
00000000
00000000
00000000
00000000
00000000
00000000
00000000
00000000
00000000
00000000
00000000
00000000
00000000
00000000
00000000
00000000
00000000
00000000
00000000
00000000
00000000
00000000
00000000
00000000
00000000
00000000
00000000
00000000
00000000
00000000
00000000
00000000
00000000
00000000
00000000
00000000
00000000
00000000
00000000
00000000
00000000
00000000
00000000
00000000
00000000
00000000
00000000
00000000
00000000
00000000
00000000
00000000
00000000
00000000
00000000
00000000
00000000
00000000
00000000
00000000
00000000
00000000
00000000
00000000
00000000
00000000
00000000
00000000
00000000
00000000
00000000
00000000
00000000
00000000
00000000
00000000
00000000
00000000
00000000
00000000
00000000
00000000
00000000
00000000
00000000
00000000
00000000
00000000
00000000
00000000
00000000
00000000
00000000
00000000
00000000
00000000
00000000
00000000
00000000
00000000
00000000
00000000
00000000
00000000
00000000
00000000
00000000
00000000
00000000
00000000
00000000
00000000
00000000
00000000
00000000
00000000
00000000
00000000
00000000
00000000
00000000
00000000
00000000
00000000
00000000
00000000
00000000
00000000
00000000
00000000
00000000
00000000
00000000
00000000
00000000
00000000
00000000
00000000
00000000
00000000
00000000
00000000
00000000
00000000
00000000
00000000
00000000
00000000
00000000
00000000
00000000
00000000
00000000
00000000
00000000
00000000
00000000
00000000
00000000
00000000
00000000
00000000
00000000
00000000
00000000
00000000
00000000
00000000
00000000
00000000
00000000
00000000
00000000
00000000
00000000
00000000
00000000
00000000
00000000
00000000
00000000
00000000
00000000
00000000
00000000
00000000
00000000
00000000
00000000
00000000
00000000
00000000
00000000
00000000
00000000
00000000
00000000
00000000
00000000
00000000
00000000
00000000
00000000
00000000
00000000
00000000
00000000
00000000
00000000
00000000
00000000
00000000
00000000
00000000
00000000
00000000
00000000
00000000
00000000
00000000
00000000
00000000
00000000
00000000
00000000
00000000
00000000
00000000
00000000
00000000
00000000
00000000
00000000
00000000
00000000
00000000
00000000
00000000
00000000
00000000
00000000
00000000
00000000
00000000
00000000
00000000
00000000
00000000
00000000
00000000
00000000
00000000
00000000
00000000
00000000
00000000
00000000
00000000
00000000
00000000
00000000
00000000
00000000
00000000
00000000
00000000
00000000
00000000
00000000
00000000
00000000
00000000
00000000
00000000
00000000
00000000
00000000
00000000
00000000
00000000
00000000
00000000
00000000
00000000
00000000
00000000
00000000
00000000
00000000
00000000
00000000
00000000
00000000
00000000
00000000
00000000
00000000
00000000
00000000
00000000
00000000
00000000
00000000
00000000
00000000
00000000
00000000
00000000
00000000
00000000
00000000
00000000
00000000
00000000
00000000
00000000
00000000
00000000
00000000
00000000
00000000
00000000
00000000
00000000
00000000
00000000
00000000
00000000
00000000
00000000
00000000
00000000
00000000
00000000
00000000
00000000
00000000
00000000
00000000
00000000
00000000
00000000
00000000
00000000
00000000
00000000
00000000
00000000
00000000
00000000
00000000
00000000
00000000
00000000
00000000
00000000
00000000
00000000
00000000
00000000
00000000
00000000
00000000
00000000
00000000
00000000
00000000
00000000
00000000
00000000
00000000
00000000
00000000
00000000
00000000
00000000
00000000
00000000
00000000
00000000
00000000
00000000
00000000
00000000
00000000
00000000
00000000
00000000
00000000
00000000
00000000
00000000
00000000
00000000
00000000
00000000
00000000
00000000
00000000
00000000
00000000
00000000
00000000
00000000
00000000
00000000
00000000
00000000
00000000
00000000
00000000
00000000
00000000
00000000
00000000
00000000
00000000
00000000
00000000
00000000
00000000
00000000
00000000
00000000
00000000
00000000
00000000
00000000
00000000
00000000
00000000
00000000
00000000
00000000
00000000
00000000
00000000
00000000
00000000
00000000
00000000
00000000
00000000
00000000
00000000
00000000
00000000
00000000
00000000
00000000
00000000
00000000
00000000
00000000
00000000
00000000
00000000
00000000
00000000
00000000
00000000
00000000
00000000
00000000
00000000
00000000
00000000
00000000
00000000
00000000
00000000
00000000
00000000
00000000
00000000
00000000
00000000
00000000
00000000
00000000
00000000
00000000
00000000
00000000
00000000
00000000
00000000
00000000
00000000
00000000
00000000
00000000
00000000
00000000
00000000
00000000
00000000
00000000
00000000
00000000
00000000
00000000
00000000
00000000
00000000
00000000
00000000
00000000
00000000
00000000
00000000
00000000
00000000
00000000
00000000
00000000
00000000
00000000
00000000
00000000
00000000
00000000
00000000
00000000
00000000
00000000
00000000
00000000
00000000
00000000
00000000
00000000
00000000
00000000
00000000
00000000
00000000
00000000
00000000
00000000
00000000
00000000
00000000
00000000
00000000
00000000
00000000
00000000
00000000
00000000
00000000
00000000
00000000
00000000
00000000
00000000
00000000
00000000
00000000
00000000
00000000
00000000
00000000
00000000
00000000
00000000
00000000
00000000
00000000
00000000
00000000
00000000
00000000
00000000
00000000
00000000
00000000
00000000
00000000
00000000
00000000
00000000
00000000
00000000
00000000
00000000
00000000
00000000
00000000
00000000
00000000
00000000
00000000
00000000
00000000
00000000
00000000
00000000
00000000
00000000
00000000
00000000
00000000
00000000
00000000
00000000
00000000
00000000
00000000
00000000
00000000
00000000
00000000
00000000
00000000
00000000
00000000
00000000
00000000
00000000
00000000
00000000
00000000
00000000
00000000
00000000
00000000
00000000
00000000
00000000
00000000
00000000
00000000
00000000
00000000
00000000
00000000
00000000
00000000
00000000
00000000
00000000
00000000
00000000
00000000
00000000
00000000
00000000
00000000
00000000
00000000
00000000
00000000
00000000
00000000
00000000
00000000
00000000
00000000
00000000
00000000
00000000
00000000
00000000
00000000
00000000
00000000
00000000
00000000
00000000
00000000
00000000
00000000
00000000
00000000
00000000
00000000
00000000
00000000
00000000
00000000
00000000
00000000
00000000
00000000
00000000
00000000
00000000
00000000
00000000
00000000
00000000
00000000
00000000
00000000
00000000
00000000
00000000
00000000
00000000
00000000
00000000
00000000
00000000
00000000
00000000
00000000
00000000
00000000
00000000
00000000
00000000
00000000
00000000
00000000
00000000
00000000
00000000
00000000
00000000
00000000
00000000
00000000
00000000
00000000
00000000
00000000
00000000
00000000
00000000
00000000
00000000
00000000
00000000
00000000
00000000
00000000
00000000
00000000
00000000
00000000
00000000
00000000
00000000
00000000
00000000
00000000
00000000
00000000
00000000
00000000
00000000
00000000
00000000
00000000
00000000
00000000
00000000
00000000
00000000
00000000
00000000
00000000
00000000
00000000
00000000
00000000
00000000
00000000
00000000
00000000
00000000
00000000
00000000
00000000
00000000
00000000
00000000
00000000
00000000
00000000
00000000
00000000
00000000
00000000
00000000
00000000
00000000
00000000
00000000
00000000
00000000
00000000
00000000
00000000
00000000
00000000
00000000
00000000
00000000
00000000
00000000
00000000
00000000
00000000
00000000
00000000
00000000
00000000
00000000
00000000
00000000
00000000
00000000
00000000
00000000
00000000
00000000
00000000
00000000
00000000
00000000
00000000
00000000
00000000
00000000
00000000
00000000
00000000
00000000
00000000
00000000
00000000
00000000
00000000
00000000
00000000
00000000
00000000
00000000
00000000
00000000
00000000
00000000
00000000
00000000
00000000
00000000
00000000
00000000
00000000
00000000
00000000
00000000
00000000
00000000
00000000
00000000
00000000
00000000
00000000
00000000
00000000
00000000
00000000
00000000
00000000
00000000
00000000
00000000
00000000
00000000
00000000
00000000
00000000
00000000
00000000
00000000
00000000
00000000
00000000
00000000
00000000
00000000
00000000
00000000
00000000
00000000
00000000
00000000
00000000
00000000
00000000
00000000
00000000
00000000
00000000
00000000
00000000
00000000
00000000
00000000
00000000
00000000
00000000
00000000
00000000
00000000
00000000
00000000
00000000
00000000
00000000
00000000
00000000
00000000
00000000
00000000
00000000
00000000
00000000
00000000
00000000
00000000
00000000
00000000
00000000
00000000
00000000
00000000
00000000
00000000
00000000
00000000
00000000
00000000
00000000
00000000
00000000
00000000
00000000
00000000
00000000
00000000
00000000
00000000
00000000
00000000
00000000
00000000
00000000
00000000
00000000
00000000
00000000
00000000
00000000
00000000
00000000
00000000
00000000
00000000
00000000
00000000
00000000
00000000
00000000
00000000
00000000
00000000
00000000
00000000
00000000
00000000
00000000
00000000
00000000
00000000
00000000
00000000
00000000
00000000
00000000
00000000
00000000
00000000
00000000
00000000
00000000
00000000
00000000
00000000
00000000
00000000
00000000
00000000
00000000
00000000
00000000
00000000
00000000
00000000
00000000
00000000
00000000
00000000
00000000
00000000
00000000
00000000
00000000
00000000
00000000
00000000
00000000
00000000
00000000
00000000
00000000
00000000
00000000
00000000
00000000
00000000
00000000
00000000
00000000
00000000
00000000
00000000
00000000
00000000
00000000
00000000
00000000
00000000
00000000
00000000
00000000
00000000
00000000
00000000
00000000
00000000
00000000
00000000
00000000
00000000
00000000
00000000
00000000
00000000
00000000
00000000
00000000
00000000
00000000
00000000
00000000
00000000
00000000
00000000
00000000
00000000
00000000
00000000
00000000
00000000
00000000
00000000
00000000
00000000
00000000
00000000
00000000
00000000
00000000
00000000
00000000
00000000
00000000
00000000
00000000
00000000
00000000
00000000
00000000
00000000
00000000
00000000
00000000
00000000
00000000
00000000
00000000
00000000
00000000
00000000
00000000
00000000
00000000
00000000
00000000
00000000
00000000
00000000
00000000
00000000
00000000
00000000
00000000
00000000
00000000
00000000
00000000
00000000
00000000
00000000
00000000
00000000
00000000
00000000
00000000
00000000
00000000
00000000
00000000
00000000
00000000
00000000
00000000
00000000
00000000
00000000
00000000
00000000
00000000
00000000
00000000
00000000
00000000
00000000
00000000
00000000
00000000
00000000
00000000
00000000
00000000
00000000
00000000
00000000
00000000
00000000
00000000
00000000
00000000
00000000
00000000
00000000
00000000
00000000
00000000
00000000
00000000
00000000
00000000
00000000
00000000
00000000
00000000
00000000
00000000
00000000
00000000
00000000
00000000
00000000
00000000
00000000
00000000
00000000
00000000
00000000
00000000
00000000
00000000
00000000
00000000
00000000
00000000
00000000
00000000
00000000
00000000
00000000
00000000
00000000
00000000
00000000
00000000
00000000
00000000
00000000
00000000
00000000
00000000
00000000
00000000
00000000
00000000
00000000
00000000
00000000
00000000
00000000
00000000
00000000
00000000
00000000
00000000
00000000
00000000
00000000
00000000
00000000
00000000
00000000
00000000
00000000
00000000
00000000
00000000
00000000
00000000
00000000
00000000
00000000
00000000
00000000
00000000
00000000
00000000
00000000
00000000
00000000
00000000
00000000
00000000
00000000
00000000
00000000
00000000
00000000
00000000
00000000
00000000
00000000
00000000
00000000
00000000
00000000
00000000
00000000
00000000
00000000
00000000
00000000
00000000
00000000
00000000
00000000
00000000
00000000
00000000
00000000
00000000
00000000
00000000
00000000
00000000
00000000
00000000
00000000
00000000
00000000
00000000
00000000
00000000
00000000
00000000
00000000
00000000
00000000
00000000
00000000
00000000
00000000
00000000
00000000
00000000
00000000
00000000
00000000
00000000
00000000
00000000
00000000
00000000
00000000
00000000
00000000
00000000
00000000
00000000
00000000
00000000
00000000
00000000
00000000
00000000
00000000
00000000
00000000
00000000
00000000
00000000
00000000
00000000
00000000
00000000
00000000
00000000
00000000
00000000
00000000
00000000
00000000
00000000
00000000
00000000
00000000
00000000
00000000
00000000
00000000
00000000
00000000
00000000
00000000
00000000
00000000
00000000
00000000
00000000
00000000
00000000
00000000
00000000
00000000
00000000
00000000
00000000
00000000
00000000
00000000
00000000
00000000
00000000
00000000
00000000
00000000
00000000
00000000
00000000
00000000
00000000
00000000
00000000
00000000
00000000
00000000
00000000
00000000
00000000
00000000
00000000
00000000
00000000
00000000
00000000
00000000
00000000
00000000
00000000
00000000
00000000
00000000
00000000
00000000
00000000
00000000
00000000
00000000
00000000
00000000
00000000
00000000
00000000
00000000
00000000
00000000
00000000
00000000
00000000
00000000
00000000
00000000
00000000
00000000
00000000
00000000
00000000
00000000
00000000
00000000
00000000
00000000
00000000
00000000
00000000
00000000
00000000
00000000
00000000
00000000
00000000
00000000
00000000
00000000
00000000
00000000
00000000
00000000
00000000
00000000
00000000
00000000
00000000
00000000
00000000
00000000
00000000
00000000
00000000
00000000
00000000
00000000
00000000
00000000
00000000
00000000
00000000
00000000
00000000
00000000
00000000
00000000
00000000
00000000
00000000
00000000
00000000
00000000
00000000
00000000
00000000
00000000
00000000
00000000
00000000
00000000
00000000
00000000
00000000
00000000
00000000
00000000
00000000
00000000
00000000
00000000
00000000
00000000
00000000
00000000
00000000
00000000
00000000
00000000
00000000
00000000
00000000
00000000
00000000
00000000
00000000
00000000
00000000
00000000
00000000
00000000
00000000
00000000
00000000
00000000
00000000
00000000
00000000
00000000
00000000
00000000
00000000
00000000
00000000
00000000
00000000
00000000
00000000
00000000
00000000
00000000
00000000
00000000
00000000
00000000
00000000
00000000
00000000
00000000
00000000
00000000
00000000
00000000
00000000
00000000
00000000
00000000
00000000
00000000
00000000
00000000
00000000
00000000
00000000
00000000
00000000
00000000
00000000
00000000
00000000
00000000
00000000
00000000
00000000
00000000
00000000
00000000
00000000
00000000
00000000
00000000
00000000
00000000
00000000
00000000
00000000
00000000
00000000
00000000
00000000
00000000
00000000
00000000
00000000
00000000
00000000
00000000
00000000
00000000
00000000
00000000
00000000
00000000
00000000
00000000
00000000
00000000
00000000
00000000
00000000
00000000
00000000
00000000
00000000
00000000
00000000
00000000
00000000
00000000
00000000
00000000
00000000
00000000
00000000
00000000
00000000
00000000
00000000
00000000
00000000
00000000
00000000
00000000
00000000
00000000
00000000
00000000
00000000
00000000
00000000
00000000
00000000
00000000
00000000
00000000
00000000
00000000
00000000
00000000
00000000
00000000
00000000
00000000
00000000
00000000
00000000
00000000
00000000
00000000
00000000
00000000
00000000
00000000
00000000
00000000
00000000
00000000
00000000
00000000
00000000
00000000
00000000
00000000
00000000
00000000
00000000
00000000
00000000
00000000
00000000
00000000
00000000
00000000
00000000
00000000
00000000
00000000
00000000
00000000
00000000
00000000
00000000
00000000
00000000
00000000
00000000
00000000
00000000
00000000
00000000
00000000
00000000
00000000
00000000
00000000
00000000
00000000
00000000
00000000
00000000
00000000
00000000
00000000
00000000
00000000
00000000
00000000
00000000
00000000
00000000
00000000
00000000
00000000
00000000
00000000
00000000
00000000
00000000
00000000
00000000
00000000
00000000
00000000
00000000
00000000
00000000
00000000
00000000
00000000
00000000
00000000
00000000
00000000
00000000
00000000
00000000
00000000
00000000
00000000
00000000
00000000
00000000
00000000
00000000
00000000
00000000
00000000
00000000
00000000
00000000
00000000
00000000
00000000
00000000
00000000
00000000
00000000
00000000
00000000
00000000
00000000
00000000
00000000
00000000
00000000
00000000
00000000
00000000
00000000
00000000
00000000
00000000
00000000
00000000
00000000
00000000
00000000
00000000
00000000
00000000
00000000
00000000
00000000
00000000
00000000
00000000
00000000
00000000
00000000
00000000
00000000
00000000
00000000
00000000
00000000
00000000
00000000
00000000
00000000
00000000
00000000
00000000
00000000
00000000
00000000
00000000
00000000
00000000
00000000
00000000
00000000
00000000
00000000
00000000
00000000
00000000
00000000
00000000
00000000
00000000
00000000
00000000
00000000
00000000
00000000
00000000
00000000
00000000
00000000
00000000
00000000
00000000
00000000
00000000
00000000
00000000
00000000
00000000
00000000
00000000
00000000
00000000
00000000
00000000
00000000
00000000
00000000
00000000
00000000
00000000
00000000
00000000
00000000
00000000
00000000
00000000
00000000
00000000
00000000
00000000
00000000
00000000
00000000
00000000
00000000
00000000
00000000
00000000
00000000
00000000
00000000
00000000
00000000
00000000
00000000
00000000
00000000
00000000
00000000
00000000
00000000
00000000
00000000
00000000
00000000
00000000
00000000
00000000
00000000
